[{"model": "contenttypes.contenttype", "pk": 1, "fields": {"app_label": "admin", "model": "logentry"}}, {"model": "contenttypes.contenttype", "pk": 2, "fields": {"app_label": "auth", "model": "permission"}}, {"model": "contenttypes.contenttype", "pk": 3, "fields": {"app_label": "auth", "model": "group"}}, {"model": "contenttypes.contenttype", "pk": 4, "fields": {"app_label": "contenttypes", "model": "contenttype"}}, {"model": "contenttypes.contenttype", "pk": 5, "fields": {"app_label": "sessions", "model": "session"}}, {"model": "contenttypes.contenttype", "pk": 6, "fields": {"app_label": "corsheaders", "model": "corsmodel"}}, {"model": "contenttypes.contenttype", "pk": 7, "fields": {"app_label": "authtoken", "model": "token"}}, {"model": "contenttypes.contenttype", "pk": 8, "fields": {"app_label": "authnz", "model": "proqoduser"}}, {"model": "contenttypes.contenttype", "pk": 9, "fields": {"app_label": "courses", "model": "course"}}, {"model": "contenttypes.contenttype", "pk": 10, "fields": {"app_label": "courses", "model": "cohortclass"}}, {"model": "contenttypes.contenttype", "pk": 11, "fields": {"app_label": "courses", "model": "week"}}, {"model": "contenttypes.contenttype", "pk": 12, "fields": {"app_label": "courses", "model": "assessment"}}, {"model": "contenttypes.contenttype", "pk": 13, "fields": {"app_label": "courses", "model": "programmingquestion"}}, {"model": "contenttypes.contenttype", "pk": 14, "fields": {"app_label": "courses", "model": "blankquestion"}}, {"model": "contenttypes.contenttype", "pk": 15, "fields": {"app_label": "courses", "model": "mcq"}}, {"model": "contenttypes.contenttype", "pk": 16, "fields": {"app_label": "courses", "model": "checkoffquestion"}}, {"model": "contenttypes.contenttype", "pk": 17, "fields": {"app_label": "courses", "model": "multiplechoice"}}, {"model": "contenttypes.contenttype", "pk": 18, "fields": {"app_label": "courses", "model": "blankquestioncontent"}}, {"model": "contenttypes.contenttype", "pk": 19, "fields": {"app_label": "courses", "model": "blanksolution"}}, {"model": "contenttypes.contenttype", "pk": 20, "fields": {"app_label": "courses", "model": "unittest"}}, {"model": "contenttypes.contenttype", "pk": 21, "fields": {"app_label": "analytics", "model": "performancereport"}}, {"model": "contenttypes.contenttype", "pk": 22, "fields": {"app_label": "analytics", "model": "peerrankreport"}}, {"model": "contenttypes.contenttype", "pk": 23, "fields": {"app_label": "analytics", "model": "peerrank"}}, {"model": "contenttypes.contenttype", "pk": 24, "fields": {"app_label": "analytics", "model": "gradereportentry"}}, {"model": "contenttypes.contenttype", "pk": 25, "fields": {"app_label": "analytics", "model": "gradereport"}}, {"model": "contenttypes.contenttype", "pk": 26, "fields": {"app_label": "submissions", "model": "unittestentry"}}, {"model": "contenttypes.contenttype", "pk": 27, "fields": {"app_label": "submissions", "model": "codesubmission"}}, {"model": "contenttypes.contenttype", "pk": 28, "fields": {"app_label": "submissions", "model": "blanksubmission"}}, {"model": "contenttypes.contenttype", "pk": 29, "fields": {"app_label": "submissions", "model": "mcqsubmission"}}, {"model": "contenttypes.contenttype", "pk": 30, "fields": {"app_label": "submissions", "model": "checkoffsubmission"}}, {"model": "contenttypes.contenttype", "pk": 31, "fields": {"app_label": "submissions", "model": "programmingquestionprogress"}}, {"model": "contenttypes.contenttype", "pk": 32, "fields": {"app_label": "submissions", "model": "blankquestionprogress"}}, {"model": "contenttypes.contenttype", "pk": 33, "fields": {"app_label": "submissions", "model": "mcqprogress"}}, {"model": "authnz.proqoduser", "pk": 1, "fields": {"password": "pbkdf2_sha256$24000$chjqfRwqFGjy$jo9WEUH3Y5t4R45yyqJcljQwCj7NFLkjSI66IJREuyc=", "last_login": "2016-02-02T08:13:05.082Z", "email": "jeph@proqod.com", "sid": "admin", "first_name": "junhua", "last_name": "liu", "school": "sutd", "department": "istd", "user_type": 1, "is_admin": true, "is_active": true, "date_joined": "2016-01-21T12:45:57.082Z"}}, {"model": "authnz.proqoduser", "pk": 2, "fields": {"password": "pbkdf2_sha256$24000$vVvwoag2kXXd$PI8aUc6kpHIyIxCbI5PsXPV39x/tZElUfcZ9mRgilsA=", "last_login": "2016-02-02T08:06:53.722Z", "email": "junhua.viva@gmail.com", "sid": "user", "first_name": "junhua", "last_name": "liu", "school": "sutd", "department": "istd", "user_type": 0, "is_admin": false, "is_active": true, "date_joined": "2016-01-21T12:46:17.838Z"}}, {"model": "courses.course", "pk": 1, "fields": {"course_batch": "FY16T3", "course_code": "10.009", "school": "SUTD", "department": "ISTD", "title": "Digital World", "description": "An introduction to computational thinking and computer programming. We assume no prior background in programming and we begin with a basic framework for problem solving technique. We start from basics of representation of data and move to a more abstract types. We emphasize general patterns and abstraction as well as apply methods of object-oriented programming for clarity and reusability of software. Examples to be drawn from the four pillars of SUTD society.", "programming_language": "Python", "start_date": "2016-01-25", "end_date": "2016-08-01", "date_created": "2016-02-01T02:55:49.470Z"}}, {"model": "courses.cohortclass", "pk": 1, "fields": {"label": "1", "course": 1, "students": [2], "teachers": [1]}}, {"model": "courses.week", "pk": 1, "fields": {"number": 1, "instruction": "", "course": 1}}, {"model": "courses.week", "pk": 2, "fields": {"number": 2, "instruction": "", "course": 1}}, {"model": "courses.week", "pk": 3, "fields": {"number": 3, "instruction": "", "course": 1}}, {"model": "courses.week", "pk": 4, "fields": {"number": 4, "instruction": "", "course": 1}}, {"model": "courses.week", "pk": 5, "fields": {"number": 5, "instruction": "", "course": 1}}, {"model": "courses.week", "pk": 6, "fields": {"number": 6, "instruction": "", "course": 1}}, {"model": "courses.week", "pk": 7, "fields": {"number": 7, "instruction": "", "course": 1}}, {"model": "courses.week", "pk": 8, "fields": {"number": 8, "instruction": "", "course": 1}}, {"model": "courses.week", "pk": 9, "fields": {"number": 9, "instruction": "", "course": 1}}, {"model": "courses.week", "pk": 10, "fields": {"number": 10, "instruction": "", "course": 1}}, {"model": "courses.week", "pk": 11, "fields": {"number": 11, "instruction": "", "course": 1}}, {"model": "courses.week", "pk": 12, "fields": {"number": 12, "instruction": "", "course": 1}}, {"model": "courses.week", "pk": 13, "fields": {"number": 13, "instruction": "", "course": 1}}, {"model": "courses.week", "pk": 14, "fields": {"number": 14, "instruction": "", "course": 1}}, {"model": "courses.assessment", "pk": 1, "fields": {"type": "5", "label": "2", "start_datetime": "2016-01-30T16:00:00Z", "end_datetime": "2016-02-06T15:59:00Z", "week": 2, "cohort_classes": [1]}}, {"model": "courses.assessment", "pk": 2, "fields": {"type": "4", "label": "2", "start_datetime": "2016-01-31T16:00:00Z", "end_datetime": "2016-02-07T15:59:00Z", "week": 2, "cohort_classes": [1]}}, {"model": "courses.programmingquestion", "pk": 1, "fields": {"assessment": 2, "number": 1, "type": 0, "description": "<p>Functions: Temperature conversion: Write a function named <b>fToC()</b>. This function takes a fahrenheit value as input and returns its centigrade equivalent. Recall: If C denotes thecentigrade value and F its fahrenheit equivalent, then\u00a0<span><b>F = C \u2217 9/5 + 32</b>.\u00a0</span></p><p><span><br/></span></p><p><span>For example:</span></p><p><span><br/></span></p><p><span>&gt;&gt;&gt;print fToC(32)\u00a0</span></p><p><span>0.0</span></p><p><span>&gt;&gt;&gt;print fToC(-40)\u00a0</span></p><p><span>-25.56</span></p><p><span>&gt;&gt;&gt;print fToC(212)\u00a0</span></p><p><span>100.0</span></p>", "solution": "def fToC(f):\n    return round((f-32)*5.0/9,2)", "code_signature": "fToC", "default_code": "# YOUR CODE HERE"}}, {"model": "courses.programmingquestion", "pk": 2, "fields": {"assessment": 2, "number": 2, "type": 0, "description": "<p>Functions: Number of years and days: Write a function that takes in minutes as its input parameter, and returns the number of years and days for the minutes. For simplicity,assume a year has 365 days.\u00a0</p><p><br/></p><p>For example,</p><p><br/></p><p>&gt;&gt;&gt;print yearsDays(1000000000)\u00a0</p><p>(1902 , 214)</p><p>&gt;&gt;&gt;print yearsDays (2000000000)\u00a0</p><p>(3805 , 63)</p>", "solution": "def yearsDays(minutes):\r\n    hours=minutes/60\r\n    days=hours/24\r\n    years=days/365\r\n    daysrem=days%365\r\n    return years,daysrem", "code_signature": "yearsDays", "default_code": "# YOUR CODE HERE"}}, {"model": "courses.programmingquestion", "pk": 3, "fields": {"assessment": 2, "number": 3, "type": 0, "description": "<p>Functions: multivalued: Recall the following equation that gives the height of a ball at time t when it is thrown with an initial velocity of v0.</p><p><br/></p><p>y(t) = v_0*t \u2212 (1/2)*gt^2</p><p><br/></p><p>Write a function named posVel() that takes v0 and t as inputs and returns y(t) and y\u2032(t), where y\u2032(t) is the first derivative of y(t) with respect to t. Use your knowledge of calculus to find the formula to calculate y\u2032(t). Think of the appropriate place where you will define the gravitational constant g. Return the following values to 2-decimal places: posVal(5, 10), posVal(5, -10), posVal(5, 0), and posVal(0, 5). Use g = 9.81 m s\u22122.</p><p><br/></p><p>&gt;&gt;&gt;print posVel(5.0, 10.0)</p><p>( -440.5, -93.1)</p><p>&gt;&gt;&gt;print posVel(5.0, 0.0)</p><p>(0.0 , 5.0)</p><p>&gt;&gt;&gt;print posVel(0.0, 5.0)</p><p>( -122.62, -49.05)</p>", "solution": "G = 9.81\r\n\r\ndef posVel(v,t):\r\n    if (t < 0):\r\n        return None, None\r\n\r\n    y = v*t-0.5*G*(t**2)\r\n    dy = v - G*t\r\n\r\n    return round(y,2), round(dy,2)", "code_signature": "posVel", "default_code": "# YOUR CODE HERE"}}, {"model": "courses.programmingquestion", "pk": 4, "fields": {"assessment": 1, "number": 1, "type": 0, "description": "<p>Functions: Temperature conversion: Write a function named cToF() that returns the fahrenheit equivalent of a centigrade value input as an argument.</p><p><br/></p><p>&gt;&gt;&gt;print cToF(0)\u00a0</p><p>32.0</p><p>&gt;&gt;&gt;print cToF(-40)\u00a0</p><p>-40.0</p><p>&gt;&gt;&gt;print cToF(100)\u00a0</p><p>212.0</p>", "solution": "def cToF(C):\r\n    F = 9.0/5 * C + 32\r\n    return F", "code_signature": "cToF", "default_code": ""}}, {"model": "courses.programmingquestion", "pk": 5, "fields": {"assessment": 1, "number": 3, "type": 0, "description": "<p>Functions: Wind-chill temperature How cold is outside? The temperature alone is not enough to provide the answer. Other factors including wind speed, relative humidity, and sunshine play important roles in determining coldness outside. In 2001, the National Weather Service (NWS) implemented the new wind-chill temperature to measure the coldness using temperature and wind speed.</p><p><br/></p><p>t_wc = 35.74 + 0.6215 * t_a - 35.75 * v^0.16 + 0.4275 * t_a * v^0.16</p><p><br/></p><p>where ta is the outside temperature measured in Fahrenheit and v is the speed measuredin miles per hour. twc is the wind-chill temperature.Write a function that takes in a temperature between \u221258\u25e6F and 41\u25e6F and a wind speedgreater than or equal to 2 and returns the wind-chill temperature.</p><p><br/></p><p>&gt;&gt;&gt;print windChillTemp(5.3,6)\u00a0</p><p>-5.57</p><p>&gt;&gt;&gt;print windChillTemp(2.2,4)\u00a0</p><p>-6.35</p>", "solution": "Wind-chill temperature\r\ndef windChillTemp(ta, v):\r\n    if ta < -58 or ta>41 or v < 2:\r\n        return None\r\n    return 35.74+0.6215*ta-35.75*v**0.16+0.4275*ta*v**0.16", "code_signature": "windChillTemp", "default_code": ""}}, {"model": "courses.programmingquestion", "pk": 6, "fields": {"assessment": 1, "number": 4, "type": 0, "description": "<p>Functions: BMI: Write a function that takes in your weight in pounds and your height in inches, and returns the Body Mass Index (BMI) of the person. The BMI can be calculated by taking the weight in kilograms and dividing it by the square of your height in meters.Note that one pound is 0.45359237 and one inch is 0.0254 meters.</p><p>For example:</p><p>&gt;&gt;&gt;print bmi(120,60)\u00a0</p><p>23.44\u00a0</p><p>&gt;&gt;&gt;print bmi(100,50)\u00a0</p><p>28.12</p><p>&gt;&gt;&gt;print bmi(200,80)\u00a0</p><p>21.97</p><p>&gt;&gt;&gt;print bmi(95.5,50)\u00a0</p><p>26.86</p>", "solution": "def bmi(weight,height):\r\n    weightKg=weight*0.45359237\r\n    heightM=height*0.0254\r\n    return weightKg/(heightM*heightM)", "code_signature": "bmi", "default_code": ""}}, {"model": "courses.programmingquestion", "pk": 7, "fields": {"assessment": 1, "number": 5, "type": 0, "description": "<p>Functions: Future investment value: Write a function that takes in an investment amount, the annual interest rate, and the number of years, and returns the future investment value using the following formula:</p><p><br/></p><p>futureInvestmentValue = investmentAmount \u00d7 (1 + monthlyInterestRate)^numberOfMonths</p><p><br/></p><p>For example:</p><p>&gt;&gt;&gt;print investmentVal(1000,4.25,1)\u00a0</p><p>1043.34</p><p>&gt;&gt;&gt;print investmentVal(1500,3.25,2)\u00a0</p><p>1600.6</p><p>&gt;&gt;&gt;print investmentVal(1000,2.25,0.5)\u00a0</p><p>1011.3</p><p>&gt;&gt;&gt;print investmentVal(2000,4.25,3)\u00a0</p><p>2271.46</p><p><br/></p><p>Round the answer to two decimal places.</p>", "solution": "def investmentVal(amount, annualRate, years):\n    monthRate=(annualRate/100.0)/12.0\n    months=years*12\n    return round(amount*(1+monthRate)**months,2)", "code_signature": "investmentVal", "default_code": ""}}, {"model": "courses.programmingquestion", "pk": 8, "fields": {"assessment": 1, "number": 2, "type": 0, "description": "<p>Functions: Volume of a cylinder Write a function that takes in the radius and the length of a cylinder and returns the area and volume using the following formulas:<br/></p><p><br/></p><p>area = radius \u2217 radius \u2217 \u03c0<br/></p><p>volume = area \u2217 length<br/></p><p><br/></p><p>For example,\u00a0</p><p>&gt;&gt;&gt;print areaCylinder(1.0,2.0)\u00a0</p><p>(3.14, 6.28)\u00a0</p><p>&gt;&gt;&gt;print areaCylinder(2.0,2.3)\u00a0</p><p>(12.57, 28.90)\u00a0</p><p>&gt;&gt;&gt;print areaCylinder(1.5,4)\u00a0</p><p>(7.07, 28.27)\u00a0</p><p>&gt;&gt;&gt;print areaCylinder(2.2,5.0)\u00a0</p><p>(15.21, 76.03)<br/></p>", "solution": "from math import pi\ndef areaCylinder(radius,length):\n    area=radius*radius*pi\n    vol=area*length\n    return area, vol", "code_signature": "areaCylinder", "default_code": "# YOUR CODE HERE"}}, {"model": "courses.checkoffquestion", "pk": 1, "fields": {"assessment": 2, "number": 4, "type": 3, "description": "Functions: Area of a Triangle: Write a function that takes in the three points (x1,y1), (x2,y2), and (x3,y3) of a triangle and returns its area.", "solution": null}}, {"model": "courses.checkoffquestion", "pk": 2, "fields": {"assessment": 2, "number": 5, "type": 3, "description": "<p>Functions: Compound value: Suppose you save $100 each month into a saving ac- count with an annual interest rate of 5%. Therefore, the monthly interest rate is 0.05/12=0.00417. After the first month, the value in the account becomes100 \u2217 (1 + 0.00417) = 100.417After the second month, the value in the account becomes (100 + 100.417) \u2217 (1 + 0.00417) = 201.252After the third month, the value in the account becomes (100 + 201.252) \u2217 (1 + 0.00417) = 302.507and so on.&gt;&gt;&gt;print compoundVal6Months(100,0.05) 608.811017706&gt;&gt;&gt;print compoundVal6Months(100,0.03) 605.27192977</p><p>&gt;&gt;&gt;print compoundVal6Months(200,0.05)\u00a0</p><p>1217.62203541</p><p>&gt;&gt;&gt;print compoundVal6Months(200,0.03)\u00a0</p><p>1210.54385954</p><p><br/></p><p>Write a function that takes in a monthly saving amount and an annual interest rate, and returns the account value after the sixth month.\u00a0</p><p><br/></p><p>Write a test program that prompts the user the monthly saving amount and displays the account value. Here is a sample run. Enter the monthly saving amount: 100</p><p>Enter annual interest rate: 0.05</p><p>After the sixth month, the account value is 608.81</p>", "solution": null}}, {"model": "courses.unittest", "pk": 1, "fields": {"visibility": 1, "type": 0, "test_content": "", "question": 1, "inputs": "[\"32\"]", "expected_output": "0.0"}}, {"model": "courses.unittest", "pk": 2, "fields": {"visibility": 1, "type": 0, "test_content": "", "question": 1, "inputs": "[\"-14\"]", "expected_output": "-25.56"}}, {"model": "courses.unittest", "pk": 3, "fields": {"visibility": 1, "type": 0, "test_content": "", "question": 1, "inputs": "[\"212\"]", "expected_output": "100.0"}}, {"model": "courses.unittest", "pk": 4, "fields": {"visibility": 1, "type": 0, "test_content": "", "question": 2, "inputs": "[\"1000000000\"]", "expected_output": "(1902, 214)"}}, {"model": "courses.unittest", "pk": 5, "fields": {"visibility": 1, "type": 0, "test_content": "", "question": 2, "inputs": "[\"2000000000\"]", "expected_output": "(3805, 63)"}}, {"model": "courses.unittest", "pk": 6, "fields": {"visibility": 1, "type": 0, "test_content": "", "question": 3, "inputs": "[\"0.0\", \"5.0\"]", "expected_output": "( -122.62, -49.05)"}}, {"model": "courses.unittest", "pk": 7, "fields": {"visibility": 1, "type": 0, "test_content": "", "question": 3, "inputs": "[\"5.0\", \"0.0\"]", "expected_output": "(0.0, 5.0)"}}, {"model": "courses.unittest", "pk": 8, "fields": {"visibility": 1, "type": 0, "test_content": "", "question": 3, "inputs": "[\"5.0\", \"10.0\"]", "expected_output": "(-440.5, -93.1)"}}, {"model": "courses.unittest", "pk": 9, "fields": {"visibility": 1, "type": 0, "test_content": "", "question": 4, "inputs": "[\"0\"]", "expected_output": "32.0"}}, {"model": "courses.unittest", "pk": 10, "fields": {"visibility": 1, "type": 0, "test_content": "", "question": 4, "inputs": "[\"-40\"]", "expected_output": "-40"}}, {"model": "courses.unittest", "pk": 11, "fields": {"visibility": 1, "type": 0, "test_content": "", "question": 4, "inputs": "[\"100\"]", "expected_output": "212.0"}}, {"model": "courses.unittest", "pk": 12, "fields": {"visibility": 1, "type": 0, "test_content": "", "question": 5, "inputs": "[\"1.0\", \"2.0\"]", "expected_output": "(3.14, 6.28)"}}, {"model": "courses.unittest", "pk": 13, "fields": {"visibility": 1, "type": 0, "test_content": "", "question": 5, "inputs": "[\"2.0\", \"2.3\"]", "expected_output": "(12.57, 28.90)"}}, {"model": "courses.unittest", "pk": 14, "fields": {"visibility": 1, "type": 0, "test_content": "", "question": 5, "inputs": "[\"1.5\", \"4\"]", "expected_output": "(7.07, 28.27)"}}, {"model": "courses.unittest", "pk": 15, "fields": {"visibility": 1, "type": 0, "test_content": "", "question": 5, "inputs": "[\"2.2\", \"5.0\"]", "expected_output": "(15.21, 76.03)"}}, {"model": "courses.unittest", "pk": 16, "fields": {"visibility": 1, "type": 0, "test_content": "", "question": 6, "inputs": "[\"5.3\", \"6\"]", "expected_output": "-5.57"}}, {"model": "courses.unittest", "pk": 17, "fields": {"visibility": 1, "type": 0, "test_content": "", "question": 6, "inputs": "[\"2.2\", \"4\"]", "expected_output": "-6.35"}}, {"model": "courses.unittest", "pk": 18, "fields": {"visibility": 1, "type": 0, "test_content": "", "question": 7, "inputs": "[\"120\", \"60\"]", "expected_output": "23.44"}}, {"model": "courses.unittest", "pk": 19, "fields": {"visibility": 1, "type": 0, "test_content": "", "question": 6, "inputs": "[\"100\", \"50\"]", "expected_output": "28.12"}}, {"model": "courses.unittest", "pk": 20, "fields": {"visibility": 1, "type": 0, "test_content": "", "question": 6, "inputs": "[\"200\", \"80\"]", "expected_output": "21.97"}}, {"model": "courses.unittest", "pk": 21, "fields": {"visibility": 1, "type": 0, "test_content": "", "question": 6, "inputs": "[\"95.5\", \"50\"]", "expected_output": "26.86"}}, {"model": "courses.unittest", "pk": 22, "fields": {"visibility": 1, "type": 0, "test_content": "", "question": 7, "inputs": "[\"1000\", \"4.25\", \"1\"]", "expected_output": "1043.34"}}, {"model": "courses.unittest", "pk": 23, "fields": {"visibility": 1, "type": 0, "test_content": "", "question": 7, "inputs": "[\"1500\", \"3.25\", \"2\"]", "expected_output": "1600.6"}}, {"model": "courses.unittest", "pk": 24, "fields": {"visibility": 1, "type": 0, "test_content": "", "question": 7, "inputs": "[\"1000\", \"2.25\", \"0.5\"]", "expected_output": "1011.3"}}, {"model": "courses.unittest", "pk": 25, "fields": {"visibility": 1, "type": 0, "test_content": "", "question": 7, "inputs": "[\"2000\", \"4.25\", \"3\"]", "expected_output": "2271.46"}}, {"model": "courses.unittest", "pk": 26, "fields": {"visibility": 1, "type": 0, "test_content": "", "question": 8, "inputs": "[\"1.0\", \"2.0\"]", "expected_output": "(3.14, 6.28)"}}, {"model": "courses.unittest", "pk": 27, "fields": {"visibility": 1, "type": 0, "test_content": "", "question": 8, "inputs": "[\"2.0\", \"2.3\"]", "expected_output": "(12.57, 28.90)"}}, {"model": "courses.unittest", "pk": 28, "fields": {"visibility": 1, "type": 0, "test_content": "", "question": 8, "inputs": "[\"1.5\", \"4\"]", "expected_output": "(7.07, 28.27)"}}, {"model": "courses.unittest", "pk": 29, "fields": {"visibility": 0, "type": 0, "test_content": "", "question": 8, "inputs": "[\"2.2\", \"5.0\"]", "expected_output": "(15.21, 76.03)"}}, {"model": "analytics.performancereport", "pk": 1, "fields": {"complexity": "1.00", "memory": "720.00", "time": "36.10", "correctness": "1.00", "size": "60.00", "loc": "3.00", "lloc": "2.00", "sloc": "3.00", "comment_lines": "1.00", "blank_lines": "0.00", "multi_lines": "0.00", "maintainability_index": "85.28", "halstead_volume": "28.53", "date_created": "2016-02-02T08:09:55.525Z"}}, {"model": "submissions.unittestentry", "pk": 1, "fields": {"visibility": true, "actual_output": "0.0", "is_correct": true, "inputs": "32", "expected_output": "0.0", "subm": 1}}, {"model": "submissions.unittestentry", "pk": 2, "fields": {"visibility": true, "actual_output": "-25.56", "is_correct": true, "inputs": "-14", "expected_output": "-25.56", "subm": 1}}, {"model": "submissions.unittestentry", "pk": 3, "fields": {"visibility": true, "actual_output": "100.0", "is_correct": true, "inputs": "212", "expected_output": "100.0", "subm": 1}}, {"model": "submissions.codesubmission", "pk": 1, "fields": {"date_created": "2016-02-02T08:09:55.538Z", "created_by": 2, "score": "-1.00", "type": 0, "question": 1, "code": "# YOUR CODE HERE\ndef fToC(f):\n  return round((f-32.0)*5/9,2)", "performance_report": 1}}, {"model": "submissions.programmingquestionprogress", "pk": 1, "fields": {"student": 2, "status": 0, "date_last_updated": "2016-02-02T08:09:42.427Z", "answer_last_saved": "# YOUR CODE HERE\ndef fToC(f):\n  return round((f-32.0)*5/9,2)", "question": 1}}, {"model": "submissions.programmingquestionprogress", "pk": 2, "fields": {"student": 2, "status": 0, "date_last_updated": "2016-02-02T08:09:52.927Z", "answer_last_saved": "# YOUR CODE HERE\ndef fToC(f):\n  return round((f-32.0)*5/9,2)", "question": 1}}, {"model": "submissions.programmingquestionprogress", "pk": 3, "fields": {"student": 2, "status": 0, "date_last_updated": "2016-02-02T08:11:50.194Z", "answer_last_saved": "# YOUR CODE HERE\ndef yearsDays(minutes):\n    hours=minutes/60\n    days=hours/24\n    years=days/365\n    daysrem=days%365\n    return years,daysrem", "question": 2}}, {"model": "authtoken.token", "pk": "067ca98c93148fa099ef45cf3b6a1795ac516278", "fields": {"user": 1, "created": "2016-02-02T08:13:05.078Z"}}, {"model": "authtoken.token", "pk": "8edcc41a22c26119f167ccfcb605823aff5c5010", "fields": {"user": 2, "created": "2016-02-02T08:06:53.718Z"}}, {"model": "auth.permission", "pk": 1, "fields": {"name": "Can add log entry", "content_type": 1, "codename": "add_logentry"}}, {"model": "auth.permission", "pk": 2, "fields": {"name": "Can change log entry", "content_type": 1, "codename": "change_logentry"}}, {"model": "auth.permission", "pk": 3, "fields": {"name": "Can delete log entry", "content_type": 1, "codename": "delete_logentry"}}, {"model": "auth.permission", "pk": 4, "fields": {"name": "Can add permission", "content_type": 2, "codename": "add_permission"}}, {"model": "auth.permission", "pk": 5, "fields": {"name": "Can change permission", "content_type": 2, "codename": "change_permission"}}, {"model": "auth.permission", "pk": 6, "fields": {"name": "Can delete permission", "content_type": 2, "codename": "delete_permission"}}, {"model": "auth.permission", "pk": 7, "fields": {"name": "Can add group", "content_type": 3, "codename": "add_group"}}, {"model": "auth.permission", "pk": 8, "fields": {"name": "Can change group", "content_type": 3, "codename": "change_group"}}, {"model": "auth.permission", "pk": 9, "fields": {"name": "Can delete group", "content_type": 3, "codename": "delete_group"}}, {"model": "auth.permission", "pk": 10, "fields": {"name": "Can add content type", "content_type": 4, "codename": "add_contenttype"}}, {"model": "auth.permission", "pk": 11, "fields": {"name": "Can change content type", "content_type": 4, "codename": "change_contenttype"}}, {"model": "auth.permission", "pk": 12, "fields": {"name": "Can delete content type", "content_type": 4, "codename": "delete_contenttype"}}, {"model": "auth.permission", "pk": 13, "fields": {"name": "Can add session", "content_type": 5, "codename": "add_session"}}, {"model": "auth.permission", "pk": 14, "fields": {"name": "Can change session", "content_type": 5, "codename": "change_session"}}, {"model": "auth.permission", "pk": 15, "fields": {"name": "Can delete session", "content_type": 5, "codename": "delete_session"}}, {"model": "auth.permission", "pk": 16, "fields": {"name": "Can add cors model", "content_type": 6, "codename": "add_corsmodel"}}, {"model": "auth.permission", "pk": 17, "fields": {"name": "Can change cors model", "content_type": 6, "codename": "change_corsmodel"}}, {"model": "auth.permission", "pk": 18, "fields": {"name": "Can delete cors model", "content_type": 6, "codename": "delete_corsmodel"}}, {"model": "auth.permission", "pk": 19, "fields": {"name": "Can add token", "content_type": 7, "codename": "add_token"}}, {"model": "auth.permission", "pk": 20, "fields": {"name": "Can change token", "content_type": 7, "codename": "change_token"}}, {"model": "auth.permission", "pk": 21, "fields": {"name": "Can delete token", "content_type": 7, "codename": "delete_token"}}, {"model": "auth.permission", "pk": 22, "fields": {"name": "Can add user", "content_type": 8, "codename": "add_proqoduser"}}, {"model": "auth.permission", "pk": 23, "fields": {"name": "Can change user", "content_type": 8, "codename": "change_proqoduser"}}, {"model": "auth.permission", "pk": 24, "fields": {"name": "Can delete user", "content_type": 8, "codename": "delete_proqoduser"}}, {"model": "auth.permission", "pk": 25, "fields": {"name": "Can add course", "content_type": 9, "codename": "add_course"}}, {"model": "auth.permission", "pk": 26, "fields": {"name": "Can change course", "content_type": 9, "codename": "change_course"}}, {"model": "auth.permission", "pk": 27, "fields": {"name": "Can delete course", "content_type": 9, "codename": "delete_course"}}, {"model": "auth.permission", "pk": 28, "fields": {"name": "Can add cohort class", "content_type": 10, "codename": "add_cohortclass"}}, {"model": "auth.permission", "pk": 29, "fields": {"name": "Can change cohort class", "content_type": 10, "codename": "change_cohortclass"}}, {"model": "auth.permission", "pk": 30, "fields": {"name": "Can delete cohort class", "content_type": 10, "codename": "delete_cohortclass"}}, {"model": "auth.permission", "pk": 31, "fields": {"name": "Can add week", "content_type": 11, "codename": "add_week"}}, {"model": "auth.permission", "pk": 32, "fields": {"name": "Can change week", "content_type": 11, "codename": "change_week"}}, {"model": "auth.permission", "pk": 33, "fields": {"name": "Can delete week", "content_type": 11, "codename": "delete_week"}}, {"model": "auth.permission", "pk": 34, "fields": {"name": "Can add assessment", "content_type": 12, "codename": "add_assessment"}}, {"model": "auth.permission", "pk": 35, "fields": {"name": "Can change assessment", "content_type": 12, "codename": "change_assessment"}}, {"model": "auth.permission", "pk": 36, "fields": {"name": "Can delete assessment", "content_type": 12, "codename": "delete_assessment"}}, {"model": "auth.permission", "pk": 37, "fields": {"name": "Can add %(class)s", "content_type": 13, "codename": "add_programmingquestion"}}, {"model": "auth.permission", "pk": 38, "fields": {"name": "Can change %(class)s", "content_type": 13, "codename": "change_programmingquestion"}}, {"model": "auth.permission", "pk": 39, "fields": {"name": "Can delete %(class)s", "content_type": 13, "codename": "delete_programmingquestion"}}, {"model": "auth.permission", "pk": 40, "fields": {"name": "Can add %(class)s", "content_type": 14, "codename": "add_blankquestion"}}, {"model": "auth.permission", "pk": 41, "fields": {"name": "Can change %(class)s", "content_type": 14, "codename": "change_blankquestion"}}, {"model": "auth.permission", "pk": 42, "fields": {"name": "Can delete %(class)s", "content_type": 14, "codename": "delete_blankquestion"}}, {"model": "auth.permission", "pk": 43, "fields": {"name": "Can add %(class)s", "content_type": 15, "codename": "add_mcq"}}, {"model": "auth.permission", "pk": 44, "fields": {"name": "Can change %(class)s", "content_type": 15, "codename": "change_mcq"}}, {"model": "auth.permission", "pk": 45, "fields": {"name": "Can delete %(class)s", "content_type": 15, "codename": "delete_mcq"}}, {"model": "auth.permission", "pk": 46, "fields": {"name": "Can add %(class)s", "content_type": 16, "codename": "add_checkoffquestion"}}, {"model": "auth.permission", "pk": 47, "fields": {"name": "Can change %(class)s", "content_type": 16, "codename": "change_checkoffquestion"}}, {"model": "auth.permission", "pk": 48, "fields": {"name": "Can delete %(class)s", "content_type": 16, "codename": "delete_checkoffquestion"}}, {"model": "auth.permission", "pk": 49, "fields": {"name": "Can add multiple_choice", "content_type": 17, "codename": "add_multiplechoice"}}, {"model": "auth.permission", "pk": 50, "fields": {"name": "Can change multiple_choice", "content_type": 17, "codename": "change_multiplechoice"}}, {"model": "auth.permission", "pk": 51, "fields": {"name": "Can delete multiple_choice", "content_type": 17, "codename": "delete_multiplechoice"}}, {"model": "auth.permission", "pk": 52, "fields": {"name": "Can add blank_question_part", "content_type": 18, "codename": "add_blankquestioncontent"}}, {"model": "auth.permission", "pk": 53, "fields": {"name": "Can change blank_question_part", "content_type": 18, "codename": "change_blankquestioncontent"}}, {"model": "auth.permission", "pk": 54, "fields": {"name": "Can delete blank_question_part", "content_type": 18, "codename": "delete_blankquestioncontent"}}, {"model": "auth.permission", "pk": 55, "fields": {"name": "Can add blank solution", "content_type": 19, "codename": "add_blanksolution"}}, {"model": "auth.permission", "pk": 56, "fields": {"name": "Can change blank solution", "content_type": 19, "codename": "change_blanksolution"}}, {"model": "auth.permission", "pk": 57, "fields": {"name": "Can delete blank solution", "content_type": 19, "codename": "delete_blanksolution"}}, {"model": "auth.permission", "pk": 58, "fields": {"name": "Can add test_case", "content_type": 20, "codename": "add_unittest"}}, {"model": "auth.permission", "pk": 59, "fields": {"name": "Can change test_case", "content_type": 20, "codename": "change_unittest"}}, {"model": "auth.permission", "pk": 60, "fields": {"name": "Can delete test_case", "content_type": 20, "codename": "delete_unittest"}}, {"model": "auth.permission", "pk": 61, "fields": {"name": "Can add performance_report", "content_type": 21, "codename": "add_performancereport"}}, {"model": "auth.permission", "pk": 62, "fields": {"name": "Can change performance_report", "content_type": 21, "codename": "change_performancereport"}}, {"model": "auth.permission", "pk": 63, "fields": {"name": "Can delete performance_report", "content_type": 21, "codename": "delete_performancereport"}}, {"model": "auth.permission", "pk": 64, "fields": {"name": "Can add peer_rank_report", "content_type": 22, "codename": "add_peerrankreport"}}, {"model": "auth.permission", "pk": 65, "fields": {"name": "Can change peer_rank_report", "content_type": 22, "codename": "change_peerrankreport"}}, {"model": "auth.permission", "pk": 66, "fields": {"name": "Can delete peer_rank_report", "content_type": 22, "codename": "delete_peerrankreport"}}, {"model": "auth.permission", "pk": 67, "fields": {"name": "Can add peer_rank", "content_type": 23, "codename": "add_peerrank"}}, {"model": "auth.permission", "pk": 68, "fields": {"name": "Can change peer_rank", "content_type": 23, "codename": "change_peerrank"}}, {"model": "auth.permission", "pk": 69, "fields": {"name": "Can delete peer_rank", "content_type": 23, "codename": "delete_peerrank"}}, {"model": "auth.permission", "pk": 70, "fields": {"name": "Can add grade report entry", "content_type": 24, "codename": "add_gradereportentry"}}, {"model": "auth.permission", "pk": 71, "fields": {"name": "Can change grade report entry", "content_type": 24, "codename": "change_gradereportentry"}}, {"model": "auth.permission", "pk": 72, "fields": {"name": "Can delete grade report entry", "content_type": 24, "codename": "delete_gradereportentry"}}, {"model": "auth.permission", "pk": 73, "fields": {"name": "Can add grade report", "content_type": 25, "codename": "add_gradereport"}}, {"model": "auth.permission", "pk": 74, "fields": {"name": "Can change grade report", "content_type": 25, "codename": "change_gradereport"}}, {"model": "auth.permission", "pk": 75, "fields": {"name": "Can delete grade report", "content_type": 25, "codename": "delete_gradereport"}}, {"model": "auth.permission", "pk": 76, "fields": {"name": "Can add unittest entry", "content_type": 26, "codename": "add_unittestentry"}}, {"model": "auth.permission", "pk": 77, "fields": {"name": "Can change unittest entry", "content_type": 26, "codename": "change_unittestentry"}}, {"model": "auth.permission", "pk": 78, "fields": {"name": "Can delete unittest entry", "content_type": 26, "codename": "delete_unittestentry"}}, {"model": "auth.permission", "pk": 79, "fields": {"name": "Can add code submission", "content_type": 27, "codename": "add_codesubmission"}}, {"model": "auth.permission", "pk": 80, "fields": {"name": "Can change code submission", "content_type": 27, "codename": "change_codesubmission"}}, {"model": "auth.permission", "pk": 81, "fields": {"name": "Can delete code submission", "content_type": 27, "codename": "delete_codesubmission"}}, {"model": "auth.permission", "pk": 82, "fields": {"name": "Can add blank submission", "content_type": 28, "codename": "add_blanksubmission"}}, {"model": "auth.permission", "pk": 83, "fields": {"name": "Can change blank submission", "content_type": 28, "codename": "change_blanksubmission"}}, {"model": "auth.permission", "pk": 84, "fields": {"name": "Can delete blank submission", "content_type": 28, "codename": "delete_blanksubmission"}}, {"model": "auth.permission", "pk": 85, "fields": {"name": "Can add mcq submission", "content_type": 29, "codename": "add_mcqsubmission"}}, {"model": "auth.permission", "pk": 86, "fields": {"name": "Can change mcq submission", "content_type": 29, "codename": "change_mcqsubmission"}}, {"model": "auth.permission", "pk": 87, "fields": {"name": "Can delete mcq submission", "content_type": 29, "codename": "delete_mcqsubmission"}}, {"model": "auth.permission", "pk": 88, "fields": {"name": "Can add checkoff submission", "content_type": 30, "codename": "add_checkoffsubmission"}}, {"model": "auth.permission", "pk": 89, "fields": {"name": "Can change checkoff submission", "content_type": 30, "codename": "change_checkoffsubmission"}}, {"model": "auth.permission", "pk": 90, "fields": {"name": "Can delete checkoff submission", "content_type": 30, "codename": "delete_checkoffsubmission"}}, {"model": "auth.permission", "pk": 91, "fields": {"name": "Can add programming question progress", "content_type": 31, "codename": "add_programmingquestionprogress"}}, {"model": "auth.permission", "pk": 92, "fields": {"name": "Can change programming question progress", "content_type": 31, "codename": "change_programmingquestionprogress"}}, {"model": "auth.permission", "pk": 93, "fields": {"name": "Can delete programming question progress", "content_type": 31, "codename": "delete_programmingquestionprogress"}}, {"model": "auth.permission", "pk": 94, "fields": {"name": "Can add blank question progress", "content_type": 32, "codename": "add_blankquestionprogress"}}, {"model": "auth.permission", "pk": 95, "fields": {"name": "Can change blank question progress", "content_type": 32, "codename": "change_blankquestionprogress"}}, {"model": "auth.permission", "pk": 96, "fields": {"name": "Can delete blank question progress", "content_type": 32, "codename": "delete_blankquestionprogress"}}, {"model": "auth.permission", "pk": 97, "fields": {"name": "Can add mcq progress", "content_type": 33, "codename": "add_mcqprogress"}}, {"model": "auth.permission", "pk": 98, "fields": {"name": "Can change mcq progress", "content_type": 33, "codename": "change_mcqprogress"}}, {"model": "auth.permission", "pk": 99, "fields": {"name": "Can delete mcq progress", "content_type": 33, "codename": "delete_mcqprogress"}}]