[{"model": "contenttypes.contenttype", "pk": 1, "fields": {"app_label": "admin", "model": "logentry"}}, {"model": "contenttypes.contenttype", "pk": 2, "fields": {"app_label": "auth", "model": "permission"}}, {"model": "contenttypes.contenttype", "pk": 3, "fields": {"app_label": "auth", "model": "group"}}, {"model": "contenttypes.contenttype", "pk": 4, "fields": {"app_label": "contenttypes", "model": "contenttype"}}, {"model": "contenttypes.contenttype", "pk": 5, "fields": {"app_label": "sessions", "model": "session"}}, {"model": "contenttypes.contenttype", "pk": 6, "fields": {"app_label": "corsheaders", "model": "corsmodel"}}, {"model": "contenttypes.contenttype", "pk": 7, "fields": {"app_label": "authtoken", "model": "token"}}, {"model": "contenttypes.contenttype", "pk": 8, "fields": {"app_label": "authnz", "model": "proqoduser"}}, {"model": "contenttypes.contenttype", "pk": 9, "fields": {"app_label": "courses", "model": "course"}}, {"model": "contenttypes.contenttype", "pk": 10, "fields": {"app_label": "courses", "model": "assessment"}}, {"model": "contenttypes.contenttype", "pk": 11, "fields": {"app_label": "courses", "model": "programmingquestion"}}, {"model": "contenttypes.contenttype", "pk": 12, "fields": {"app_label": "courses", "model": "blankquestion"}}, {"model": "contenttypes.contenttype", "pk": 13, "fields": {"app_label": "courses", "model": "mcq"}}, {"model": "contenttypes.contenttype", "pk": 14, "fields": {"app_label": "courses", "model": "checkoffquestion"}}, {"model": "contenttypes.contenttype", "pk": 15, "fields": {"app_label": "courses", "model": "multiplechoice"}}, {"model": "contenttypes.contenttype", "pk": 16, "fields": {"app_label": "courses", "model": "blankquestioncontent"}}, {"model": "contenttypes.contenttype", "pk": 17, "fields": {"app_label": "courses", "model": "blanksolution"}}, {"model": "contenttypes.contenttype", "pk": 18, "fields": {"app_label": "courses", "model": "unittest"}}, {"model": "contenttypes.contenttype", "pk": 19, "fields": {"app_label": "analytics", "model": "performancereport"}}, {"model": "contenttypes.contenttype", "pk": 20, "fields": {"app_label": "analytics", "model": "peerrankreport"}}, {"model": "contenttypes.contenttype", "pk": 21, "fields": {"app_label": "analytics", "model": "peerrank"}}, {"model": "contenttypes.contenttype", "pk": 26, "fields": {"app_label": "submissions", "model": "unittestentry"}}, {"model": "contenttypes.contenttype", "pk": 27, "fields": {"app_label": "submissions", "model": "codesubmission"}}, {"model": "contenttypes.contenttype", "pk": 28, "fields": {"app_label": "submissions", "model": "blanksubmission"}}, {"model": "contenttypes.contenttype", "pk": 29, "fields": {"app_label": "submissions", "model": "mcqsubmission"}}, {"model": "contenttypes.contenttype", "pk": 30, "fields": {"app_label": "submissions", "model": "checkoffsubmission"}}, {"model": "contenttypes.contenttype", "pk": 31, "fields": {"app_label": "submissions", "model": "programmingquestionprogress"}}, {"model": "contenttypes.contenttype", "pk": 32, "fields": {"app_label": "submissions", "model": "blankquestionprogress"}}, {"model": "contenttypes.contenttype", "pk": 33, "fields": {"app_label": "submissions", "model": "mcqprogress"}}, {"model": "contenttypes.contenttype", "pk": 34, "fields": {"app_label": "courses", "model": "week"}}, {"model": "authnz.proqoduser", "pk": 1, "fields": {"password": "pbkdf2_sha256$24000$SqESCsIRsP3X$cXSDbATyHS7NemgmnyaKUpPbvCJUsvtkon6FfvcqlEA=", "last_login": "2016-01-19T04:26:48.156Z", "email": "junhua.viva@gmail.com", "sid": "10001", "first_name": "Junhua", "last_name": "Liu", "school": "SUTD", "department": "IDC", "user_type": 1, "is_admin": true, "is_active": true, "date_joined": "2016-01-13T07:08:38.116Z"}}, {"model": "authnz.proqoduser", "pk": 2, "fields": {"password": "pbkdf2_sha256$24000$ej4o7XmprBTk$BoAyexdUTd6QusJhtvALx54/bdvW7Bp3t9zg+960cC8=", "last_login": "2016-01-19T09:18:18.973Z", "email": "user@proqod.com", "sid": "1000001", "first_name": "teddy", "last_name": "", "school": "", "department": "", "user_type": 0, "is_admin": false, "is_active": true, "date_joined": "2016-01-14T06:50:10.852Z"}}, {"model": "authnz.proqoduser", "pk": 3, "fields": {"password": "pbkdf2_sha256$24000$BBzJEUdOUpVQ$FJU/xymLs1R9+Mu2c2lanODyshSkIkQZEEIuckVtjow=", "last_login": "2016-01-14T15:19:54.031Z", "email": "chu_guo@mymail.sutd.edu.sg", "sid": "1000787", "first_name": "Chu", "last_name": "Guo", "school": "SUTD", "department": "EPD", "user_type": 0, "is_admin": false, "is_active": true, "date_joined": "2016-01-14T08:05:22.657Z"}}, {"model": "authnz.proqoduser", "pk": 4, "fields": {"password": "pbkdf2_sha256$24000$h7KR8kCvfFo4$H1not5pewMQ/q2bdhlGyDCrnZjVpvozzwvBi26mvOjM=", "last_login": "2016-01-14T08:56:44.897Z", "email": "zihao_yan@mymail.sutd.edu.sg", "sid": "1000181", "first_name": "zihao", "last_name": "yan", "school": "sutd", "department": "esd", "user_type": 0, "is_admin": false, "is_active": true, "date_joined": "2016-01-14T08:55:46.572Z"}}, {"model": "authnz.proqoduser", "pk": 5, "fields": {"password": "pbkdf2_sha256$24000$jejO6tVnfBwR$nf1VIXB6SZNnMvywE1FHaK2tvvs+HruHWHudacQcowg=", "last_login": "2016-01-14T09:19:30.877Z", "email": "perry_lam@mymail.sutd.edu.sg", "sid": "1000229", "first_name": "", "last_name": "", "school": "", "department": "", "user_type": 0, "is_admin": false, "is_active": true, "date_joined": "2016-01-14T09:11:45.525Z"}}, {"model": "authnz.proqoduser", "pk": 6, "fields": {"password": "pbkdf2_sha256$24000$ix6nmzKlKxda$1iU484UVvx7+eOxxgch9QbHFlcfkfNmKJ3PVN/DGoJU=", "last_login": "2016-01-14T10:21:11.552Z", "email": "yimo@gmail.com", "sid": "yimo", "first_name": "", "last_name": "", "school": "", "department": "", "user_type": 0, "is_admin": false, "is_active": true, "date_joined": "2016-01-14T10:11:07.335Z"}}, {"model": "authnz.proqoduser", "pk": 7, "fields": {"password": "pbkdf2_sha256$24000$N7fm8ZCumdLr$csYLTZHBMv422GDSuRsJCUNycg9YL1HYDIKKMD3ru/c=", "last_login": "2016-01-16T10:08:59.479Z", "email": "hx@gmail.com", "sid": "hx", "first_name": "", "last_name": "", "school": "", "department": "", "user_type": 0, "is_admin": false, "is_active": true, "date_joined": "2016-01-14T10:17:15.208Z"}}, {"model": "authnz.proqoduser", "pk": 8, "fields": {"password": "pbkdf2_sha256$24000$Fk8IeL3EMTfx$SjB8QeAt0JRSjRsgjVYBylmlE6KjylVky3gwr4VleaY=", "last_login": "2016-01-15T03:14:50.125Z", "email": "yiyao@gmail.com", "sid": "yiyao", "first_name": "", "last_name": "", "school": "", "department": "", "user_type": 0, "is_admin": false, "is_active": true, "date_joined": "2016-01-14T12:28:06.438Z"}}, {"model": "authnz.proqoduser", "pk": 9, "fields": {"password": "pbkdf2_sha256$24000$jnMcvuK84zMs$wW1vBcCAgswkUaD0/mqivrWfdBOmgKV8fzmo/FGT/vI=", "last_login": "2016-01-15T05:02:13.480Z", "email": "huangtan@gmail.com", "sid": "huangtan", "first_name": "", "last_name": "", "school": "", "department": "", "user_type": 0, "is_admin": false, "is_active": true, "date_joined": "2016-01-14T12:28:17.248Z"}}, {"model": "authnz.proqoduser", "pk": 10, "fields": {"password": "pbkdf2_sha256$24000$DK4291qUCzoD$IkPlpVlt0IJq0n2YJGPUvBIpPltplq+Avy0o9aeFUfc=", "last_login": "2016-01-17T04:00:42.885Z", "email": "myao@proqod.com", "sid": "myao", "first_name": "", "last_name": "", "school": "", "department": "", "user_type": 1, "is_admin": true, "is_active": true, "date_joined": "2016-01-14T12:29:58.555Z"}}, {"model": "authnz.proqoduser", "pk": 11, "fields": {"password": "pbkdf2_sha256$24000$LHWi0QbP418k$SVuY5TZt2iUMRQjM5lRg1dRCjfZM0j1Q0LOjSRcqKQs=", "last_login": "2016-01-14T16:18:15.790Z", "email": "weiyin@gmail.com", "sid": "weiyin", "first_name": "", "last_name": "", "school": "", "department": "", "user_type": 0, "is_admin": false, "is_active": true, "date_joined": "2016-01-14T15:41:01.501Z"}}, {"model": "authnz.proqoduser", "pk": 12, "fields": {"password": "pbkdf2_sha256$24000$9FNO7rrm7wwC$KEJtcCEwSYihe1W8CDsnlOe+RvhuRQd3NnPSLBNI6FU=", "last_login": "2016-01-18T05:05:09.982Z", "email": "keryse@gmail.com", "sid": "keryse", "first_name": "", "last_name": "", "school": "", "department": "", "user_type": 0, "is_admin": false, "is_active": true, "date_joined": "2016-01-15T02:03:47.916Z"}}, {"model": "authnz.proqoduser", "pk": 13, "fields": {"password": "pbkdf2_sha256$24000$r8aX3r5Qwk7x$Ufz8qPl32Wcud3TDrxoJ/M+E2lemaEuH6LPQe6d9EEo=", "last_login": "2016-01-15T06:13:43.650Z", "email": "geoksee@sutd.edu.sg", "sid": "geoksee", "first_name": "", "last_name": "", "school": "", "department": "", "user_type": 1, "is_admin": true, "is_active": true, "date_joined": "2016-01-15T04:34:11.345Z"}}, {"model": "authnz.proqoduser", "pk": 14, "fields": {"password": "pbkdf2_sha256$24000$A860VF50EhG0$aeGEucwnAqftiWmHU5zysuOVyQOzmcghHzXw2kg7i9Q=", "last_login": "2016-01-15T08:14:30.771Z", "email": "a@gmail.com", "sid": "vip000", "first_name": "", "last_name": "", "school": "", "department": "", "user_type": 0, "is_admin": false, "is_active": true, "date_joined": "2016-01-15T06:56:38.287Z"}}, {"model": "authnz.proqoduser", "pk": 15, "fields": {"password": "pbkdf2_sha256$24000$nzPmOZpeLj9g$OYONjm5BeCskbXAgF7aPq1RHmYAGNZP+zwLhPzB7Xvc=", "last_login": "2016-01-15T09:29:10.425Z", "email": "demo_to_kris@gmail.com", "sid": "junhua", "first_name": "Junhua", "last_name": "Liu", "school": "sutd", "department": "istd", "user_type": 0, "is_admin": false, "is_active": true, "date_joined": "2016-01-15T09:03:44.781Z"}}, {"model": "authnz.proqoduser", "pk": 16, "fields": {"password": "pbkdf2_sha256$24000$380VGR4B9pFm$e5QSSrlsnscJ/nBgO0/yNSGIz5HFsBqX4IZU+5o/Aac=", "last_login": null, "email": "junhua_liu@mymail.sutd.edu.sg", "sid": "12345", "first_name": "a", "last_name": "a", "school": "", "department": "", "user_type": 0, "is_admin": false, "is_active": true, "date_joined": "2016-01-18T04:11:38.161Z"}}, {"model": "authnz.proqoduser", "pk": 17, "fields": {"password": "pbkdf2_sha256$24000$HL2pVEMbUujj$/o+UbN8QWoOK427FuHGeaDtTNIjf8vE6bJD8rX+2JAk=", "last_login": null, "email": "jeph@proqod.com", "sid": "1234", "first_name": "", "last_name": "", "school": "", "department": "", "user_type": 0, "is_admin": false, "is_active": true, "date_joined": "2016-01-18T05:54:27.388Z"}}, {"model": "courses.course", "pk": 1, "fields": {"course_batch": "2016 term 3", "course_code": "10.009", "school": "SUTD", "department": "ISTD", "title": "Digital World", "description": "The first course to the digital world", "programming_language": "Python", "start_date": "2016-01-25", "end_date": "2016-03-31", "date_created": "2016-01-14T03:27:26.963Z", "participants": [1, 2]}}, {"model": "courses.course", "pk": 3, "fields": {"course_batch": "1st", "course_code": "50x", "school": "SUTD", "department": "ISTD", "title": "Intro to Programming", "description": "intro", "programming_language": "C", "start_date": "2016-03-18", "end_date": "2016-04-30", "date_created": "2016-01-17T16:45:46.549Z", "participants": [1]}}, {"model": "courses.assessment", "pk": 1, "fields": {"type": "0", "label": "Week 1", "start_datetime": "2016-01-24T16:00:00Z", "end_datetime": "2016-01-31T15:59:00Z", "week": null}}, {"model": "courses.assessment", "pk": 6, "fields": {"type": "1", "label": "Week 1", "start_datetime": "2016-01-14T16:00:00Z", "end_datetime": "2016-01-31T15:59:00Z", "week": null}}, {"model": "courses.assessment", "pk": 7, "fields": {"type": "0", "label": "Week 2", "start_datetime": "2016-01-16T13:43:00Z", "end_datetime": "2016-01-16T13:43:00Z", "week": null}}, {"model": "courses.assessment", "pk": 8, "fields": {"type": "0", "label": "Week 5", "start_datetime": "2016-01-16T13:43:00Z", "end_datetime": "2016-01-16T13:43:00Z", "week": null}}, {"model": "courses.assessment", "pk": 9, "fields": {"type": "0", "label": "Week 8", "start_datetime": "2016-01-17T00:49:00Z", "end_datetime": "2016-01-17T00:49:00Z", "week": null}}, {"model": "courses.assessment", "pk": 10, "fields": {"type": "0", "label": "Week 8", "start_datetime": "2016-01-17T01:04:00Z", "end_datetime": "2016-01-17T01:04:00Z", "week": null}}, {"model": "courses.assessment", "pk": 11, "fields": {"type": "1", "label": "Week 1", "start_datetime": "2016-02-05T16:00:00Z", "end_datetime": "2016-03-17T15:59:00Z", "week": null}}, {"model": "courses.assessment", "pk": 13, "fields": {"type": "1", "label": "Week 1", "start_datetime": "2016-01-05T17:05:00Z", "end_datetime": "2016-01-31T15:59:00Z", "week": null}}, {"model": "courses.assessment", "pk": 14, "fields": {"type": "4", "label": "Week 1", "start_datetime": "2015-12-31T16:00:00Z", "end_datetime": "2016-01-31T15:59:00Z", "week": null}}, {"model": "courses.programmingquestion", "pk": 1, "fields": {"assessment": 1, "number": 1, "type": 0, "description": "<h1>Say Hello</h1><p><br/></p><p>Write a function that takes in a name as a param and return &#34;Hello, &lt;name&gt;!&#34;.\u00a0</p><p>Sample:</p><blockquote><p>&gt;&gt;&gt; hello(&#34;Tom&#34;)</p><p><i># return &#34;Hello, Tom&#34;</i></p></blockquote>", "solution": "def hello(name):\n  return \"Hello, %s\"%name", "code_signature": "hello", "default_code": "# YOUR CODE HERE"}}, {"model": "courses.programmingquestion", "pk": 3, "fields": {"assessment": 6, "number": 1, "type": 0, "description": "<h1 style=\"text-align: center;\">First program</h1><p style=\"text-align: center;\">Write a program that accepts a string <i>S </i>and prints &#34;Hello, <i>S</i>&#34;</p>", "solution": "def hello(name):\n  return \"Hello, %s\" %name", "code_signature": "hello", "default_code": "# INSERT YOUR CODE HERE"}}, {"model": "courses.programmingquestion", "pk": 4, "fields": {"assessment": 11, "number": 1, "type": 0, "description": "<p>Print out a Hello World</p>", "solution": "def hello(name):\n  return \"Hello, %s\" %name", "code_signature": "hello", "default_code": "#INSERT CODE HERE"}}, {"model": "courses.blankquestion", "pk": 1, "fields": {"assessment": 6, "number": 3, "type": 2, "description": "<p><b>Fill in the blanks below</b></p>", "solution": null}}, {"model": "courses.blankquestion", "pk": 2, "fields": {"assessment": 11, "number": 3, "type": 2, "description": "<p>Fill in the blanks</p>", "solution": null}}, {"model": "courses.mcq", "pk": 1, "fields": {"assessment": 1, "number": 2, "type": 1, "description": "<p>Which of the following types is immutable?</p>", "solution": null}}, {"model": "courses.mcq", "pk": 2, "fields": {"assessment": 6, "number": 2, "type": 1, "description": "<p>Please choose the best answer</p>", "solution": null}}, {"model": "courses.mcq", "pk": 3, "fields": {"assessment": 6, "number": 4, "type": 1, "description": "<p>Choose the correct answer</p>", "solution": null}}, {"model": "courses.mcq", "pk": 4, "fields": {"assessment": 11, "number": 2, "type": 1, "description": "<p>Pick the best answer</p>", "solution": null}}, {"model": "courses.checkoffquestion", "pk": 2, "fields": {"assessment": 1, "number": 3, "type": 3, "description": "<p>demonstrate how to identify an individual input's uniqueness.</p>", "solution": null}}, {"model": "courses.checkoffquestion", "pk": 3, "fields": {"assessment": 11, "number": 4, "type": 3, "description": "<p>Demo connecting to an Arduino board</p>", "solution": null}}, {"model": "courses.multiplechoice", "pk": 1, "fields": {"content": "list", "question": 1, "is_correct": false}}, {"model": "courses.multiplechoice", "pk": 2, "fields": {"content": "string", "question": 1, "is_correct": false}}, {"model": "courses.multiplechoice", "pk": 3, "fields": {"content": "tuple", "question": 1, "is_correct": true}}, {"model": "courses.multiplechoice", "pk": 4, "fields": {"content": "int", "question": 1, "is_correct": false}}, {"model": "courses.multiplechoice", "pk": 6, "fields": {"content": "the best", "question": 2, "is_correct": true}}, {"model": "courses.multiplechoice", "pk": 7, "fields": {"content": "the worst", "question": 2, "is_correct": false}}, {"model": "courses.multiplechoice", "pk": 8, "fields": {"content": "not best", "question": 2, "is_correct": false}}, {"model": "courses.multiplechoice", "pk": 9, "fields": {"content": "not worst", "question": 2, "is_correct": false}}, {"model": "courses.multiplechoice", "pk": 10, "fields": {"content": "the correct", "question": 3, "is_correct": true}}, {"model": "courses.multiplechoice", "pk": 11, "fields": {"content": "the wrong", "question": 3, "is_correct": false}}, {"model": "courses.multiplechoice", "pk": 12, "fields": {"content": "anyhow", "question": 3, "is_correct": false}}, {"model": "courses.multiplechoice", "pk": 13, "fields": {"content": "the best", "question": 4, "is_correct": true}}, {"model": "courses.multiplechoice", "pk": 14, "fields": {"content": "the worst", "question": 4, "is_correct": false}}, {"model": "courses.multiplechoice", "pk": 15, "fields": {"content": "the good", "question": 4, "is_correct": false}}, {"model": "courses.multiplechoice", "pk": 16, "fields": {"content": "the not so good", "question": 4, "is_correct": false}}, {"model": "courses.blankquestioncontent", "pk": 1, "fields": {"part_seq": 1, "content": "A dog has", "question": 1}}, {"model": "courses.blankquestioncontent", "pk": 2, "fields": {"part_seq": 2, "content": "eyes and", "question": 1}}, {"model": "courses.blankquestioncontent", "pk": 3, "fields": {"part_seq": 3, "content": "legs", "question": 1}}, {"model": "courses.blankquestioncontent", "pk": 4, "fields": {"part_seq": 1, "content": "A cat has", "question": 2}}, {"model": "courses.blankquestioncontent", "pk": 5, "fields": {"part_seq": 2, "content": "legs and", "question": 2}}, {"model": "courses.blankquestioncontent", "pk": 6, "fields": {"part_seq": 3, "content": "eyes", "question": 2}}, {"model": "courses.blanksolution", "pk": 1, "fields": {"seq": 2, "content": "4", "question": 1}}, {"model": "courses.blanksolution", "pk": 2, "fields": {"seq": 1, "content": "2", "question": 1}}, {"model": "courses.blanksolution", "pk": 3, "fields": {"seq": 2, "content": "2", "question": 2}}, {"model": "courses.blanksolution", "pk": 4, "fields": {"seq": 1, "content": "4", "question": 2}}, {"model": "courses.unittest", "pk": 1, "fields": {"visibility": 0, "type": 0, "test_content": "Test 2", "question": 1, "inputs": "[\"Mike\"]", "expected_output": "Hello, Mike"}}, {"model": "courses.unittest", "pk": 2, "fields": {"visibility": 0, "type": 0, "test_content": "Test 1", "question": 1, "inputs": "[\"Tom\"]", "expected_output": "Hello, Tom"}}, {"model": "courses.unittest", "pk": 4, "fields": {"visibility": 0, "type": 0, "test_content": "Test 1", "question": 3, "inputs": "[\"David\"]", "expected_output": "Hello, David"}}, {"model": "courses.unittest", "pk": 5, "fields": {"visibility": 0, "type": 0, "test_content": "test", "question": 4, "inputs": "[\"David\"]", "expected_output": "Hello, David"}}, {"model": "analytics.performancereport", "pk": 1, "fields": {"complexity": "-1.00", "memory": "-1.00", "time": "0.09", "correctness": "-1.00", "size": "43.00", "date_created": "2016-01-14T07:49:41.425Z"}}, {"model": "analytics.performancereport", "pk": 2, "fields": {"complexity": "-1.00", "memory": "-1.00", "time": "0.09", "correctness": "-1.00", "size": "63.00", "date_created": "2016-01-14T09:00:58.389Z"}}, {"model": "analytics.performancereport", "pk": 3, "fields": {"complexity": "-1.00", "memory": "-1.00", "time": "0.09", "correctness": "-1.00", "size": "65.00", "date_created": "2016-01-14T09:01:21.264Z"}}, {"model": "analytics.performancereport", "pk": 4, "fields": {"complexity": "-1.00", "memory": "-1.00", "time": "0.09", "correctness": "-1.00", "size": "45.00", "date_created": "2016-01-14T09:26:22.408Z"}}, {"model": "analytics.performancereport", "pk": 5, "fields": {"complexity": "-1.00", "memory": "-1.00", "time": "0.09", "correctness": "-1.00", "size": "42.00", "date_created": "2016-01-14T09:26:42.860Z"}}, {"model": "analytics.performancereport", "pk": 6, "fields": {"complexity": "-1.00", "memory": "-1.00", "time": "0.09", "correctness": "-1.00", "size": "41.00", "date_created": "2016-01-14T09:27:24.897Z"}}, {"model": "analytics.performancereport", "pk": 7, "fields": {"complexity": "-1.00", "memory": "-1.00", "time": "0.10", "correctness": "-1.00", "size": "42.00", "date_created": "2016-01-14T09:27:33.309Z"}}, {"model": "analytics.performancereport", "pk": 8, "fields": {"complexity": "-1.00", "memory": "-1.00", "time": "0.09", "correctness": "-1.00", "size": "42.00", "date_created": "2016-01-14T09:27:38.354Z"}}, {"model": "analytics.performancereport", "pk": 9, "fields": {"complexity": "-1.00", "memory": "-1.00", "time": "0.11", "correctness": "-1.00", "size": "75.00", "date_created": "2016-01-14T09:34:44.716Z"}}, {"model": "analytics.performancereport", "pk": 10, "fields": {"complexity": "-1.00", "memory": "-1.00", "time": "0.09", "correctness": "-1.00", "size": "91.00", "date_created": "2016-01-14T09:35:27.793Z"}}, {"model": "analytics.performancereport", "pk": 11, "fields": {"complexity": "-1.00", "memory": "-1.00", "time": "0.12", "correctness": "-1.00", "size": "41.00", "date_created": "2016-01-14T09:35:35.150Z"}}, {"model": "analytics.performancereport", "pk": 12, "fields": {"complexity": "-1.00", "memory": "-1.00", "time": "0.14", "correctness": "-1.00", "size": "88.00", "date_created": "2016-01-14T09:35:57.503Z"}}, {"model": "analytics.performancereport", "pk": 13, "fields": {"complexity": "-1.00", "memory": "-1.00", "time": "0.08", "correctness": "-1.00", "size": "44.00", "date_created": "2016-01-14T09:38:07.872Z"}}, {"model": "analytics.performancereport", "pk": 14, "fields": {"complexity": "-1.00", "memory": "-1.00", "time": "-1.00", "correctness": "-1.00", "size": "39.00", "date_created": "2016-01-14T10:15:55.690Z"}}, {"model": "analytics.performancereport", "pk": 15, "fields": {"complexity": "-1.00", "memory": "-1.00", "time": "-1.00", "correctness": "-1.00", "size": "0.00", "date_created": "2016-01-14T10:17:24.562Z"}}, {"model": "analytics.performancereport", "pk": 16, "fields": {"complexity": "-1.00", "memory": "-1.00", "time": "-1.00", "correctness": "-1.00", "size": "16.00", "date_created": "2016-01-14T10:19:36.066Z"}}, {"model": "analytics.performancereport", "pk": 17, "fields": {"complexity": "-1.00", "memory": "-1.00", "time": "-1.00", "correctness": "-1.00", "size": "16.00", "date_created": "2016-01-14T10:19:59.979Z"}}, {"model": "analytics.performancereport", "pk": 18, "fields": {"complexity": "-1.00", "memory": "-1.00", "time": "-1.00", "correctness": "-1.00", "size": "63.00", "date_created": "2016-01-14T15:19:06.186Z"}}, {"model": "analytics.performancereport", "pk": 19, "fields": {"complexity": "-1.00", "memory": "-1.00", "time": "-1.00", "correctness": "-1.00", "size": "62.00", "date_created": "2016-01-14T15:19:22.666Z"}}, {"model": "analytics.performancereport", "pk": 20, "fields": {"complexity": "-1.00", "memory": "-1.00", "time": "0.09", "correctness": "-1.00", "size": "82.00", "date_created": "2016-01-14T15:22:48.090Z"}}, {"model": "analytics.performancereport", "pk": 21, "fields": {"complexity": "-1.00", "memory": "-1.00", "time": "0.10", "correctness": "-1.00", "size": "82.00", "date_created": "2016-01-14T15:23:41.431Z"}}, {"model": "analytics.performancereport", "pk": 22, "fields": {"complexity": "-1.00", "memory": "-1.00", "time": "0.09", "correctness": "-1.00", "size": "82.00", "date_created": "2016-01-14T15:23:44.047Z"}}, {"model": "analytics.performancereport", "pk": 23, "fields": {"complexity": "-1.00", "memory": "-1.00", "time": "0.16", "correctness": "-1.00", "size": "82.00", "date_created": "2016-01-14T15:23:50.986Z"}}, {"model": "analytics.performancereport", "pk": 24, "fields": {"complexity": "-1.00", "memory": "-1.00", "time": "0.17", "correctness": "-1.00", "size": "83.00", "date_created": "2016-01-14T15:23:51.040Z"}}, {"model": "analytics.performancereport", "pk": 25, "fields": {"complexity": "-1.00", "memory": "-1.00", "time": "0.09", "correctness": "-1.00", "size": "80.00", "date_created": "2016-01-14T15:23:59.065Z"}}, {"model": "analytics.performancereport", "pk": 26, "fields": {"complexity": "-1.00", "memory": "-1.00", "time": "0.10", "correctness": "-1.00", "size": "81.00", "date_created": "2016-01-14T15:24:01.051Z"}}, {"model": "analytics.performancereport", "pk": 27, "fields": {"complexity": "-1.00", "memory": "-1.00", "time": "-1.00", "correctness": "-1.00", "size": "35.00", "date_created": "2016-01-14T16:19:12.372Z"}}, {"model": "analytics.performancereport", "pk": 28, "fields": {"complexity": "-1.00", "memory": "-1.00", "time": "-1.00", "correctness": "-1.00", "size": "16.00", "date_created": "2016-01-15T03:15:41.766Z"}}, {"model": "analytics.performancereport", "pk": 29, "fields": {"complexity": "-1.00", "memory": "-1.00", "time": "-1.00", "correctness": "-1.00", "size": "15.00", "date_created": "2016-01-15T03:15:48.088Z"}}, {"model": "analytics.performancereport", "pk": 30, "fields": {"complexity": "-1.00", "memory": "-1.00", "time": "0.09", "correctness": "-1.00", "size": "36.00", "date_created": "2016-01-15T05:02:58.441Z"}}, {"model": "analytics.performancereport", "pk": 31, "fields": {"complexity": "-1.00", "memory": "-1.00", "time": "0.09", "correctness": "-1.00", "size": "33.00", "date_created": "2016-01-15T05:03:19.971Z"}}, {"model": "analytics.performancereport", "pk": 32, "fields": {"complexity": "-1.00", "memory": "-1.00", "time": "0.09", "correctness": "-1.00", "size": "36.00", "date_created": "2016-01-15T05:03:29.430Z"}}, {"model": "analytics.performancereport", "pk": 33, "fields": {"complexity": "-1.00", "memory": "-1.00", "time": "0.06", "correctness": "-1.00", "size": "40.00", "date_created": "2016-01-15T07:07:16.037Z"}}, {"model": "analytics.performancereport", "pk": 34, "fields": {"complexity": "-1.00", "memory": "-1.00", "time": "-1.00", "correctness": "-1.00", "size": "63.00", "date_created": "2016-01-15T07:08:55.186Z"}}, {"model": "analytics.performancereport", "pk": 35, "fields": {"complexity": "-1.00", "memory": "-1.00", "time": "0.27", "correctness": "-1.00", "size": "56.00", "date_created": "2016-01-15T07:09:34.601Z"}}, {"model": "analytics.performancereport", "pk": 36, "fields": {"complexity": "-1.00", "memory": "-1.00", "time": "0.23", "correctness": "-1.00", "size": "56.00", "date_created": "2016-01-15T07:09:58.274Z"}}, {"model": "analytics.performancereport", "pk": 37, "fields": {"complexity": "-1.00", "memory": "-1.00", "time": "0.21", "correctness": "-1.00", "size": "59.00", "date_created": "2016-01-15T07:10:24.170Z"}}, {"model": "analytics.performancereport", "pk": 38, "fields": {"complexity": "-1.00", "memory": "-1.00", "time": "0.19", "correctness": "-1.00", "size": "59.00", "date_created": "2016-01-15T07:10:29.483Z"}}, {"model": "analytics.performancereport", "pk": 39, "fields": {"complexity": "-1.00", "memory": "-1.00", "time": "0.27", "correctness": "-1.00", "size": "59.00", "date_created": "2016-01-15T07:10:57.873Z"}}, {"model": "analytics.performancereport", "pk": 40, "fields": {"complexity": "-1.00", "memory": "-1.00", "time": "0.23", "correctness": "-1.00", "size": "59.00", "date_created": "2016-01-15T07:11:31.919Z"}}, {"model": "analytics.performancereport", "pk": 41, "fields": {"complexity": "-1.00", "memory": "-1.00", "time": "0.23", "correctness": "-1.00", "size": "59.00", "date_created": "2016-01-15T08:14:39.961Z"}}, {"model": "analytics.performancereport", "pk": 42, "fields": {"complexity": "-1.00", "memory": "-1.00", "time": "0.10", "correctness": "-1.00", "size": "42.00", "date_created": "2016-01-15T08:14:51.249Z"}}, {"model": "analytics.performancereport", "pk": 43, "fields": {"complexity": "-1.00", "memory": "-1.00", "time": "-1.00", "correctness": "-1.00", "size": "32.00", "date_created": "2016-01-16T05:54:52.725Z"}}, {"model": "analytics.performancereport", "pk": 44, "fields": {"complexity": "-1.00", "memory": "-1.00", "time": "0.11", "correctness": "-1.00", "size": "43.00", "date_created": "2016-01-17T02:21:26.068Z"}}, {"model": "submissions.unittestentry", "pk": 1, "fields": {"visibility": true, "actual_output": "Hello, Mike", "is_correct": true, "inputs": "Mike", "expected_output": "Hello, Mike", "subm": 1}}, {"model": "submissions.unittestentry", "pk": 2, "fields": {"visibility": true, "actual_output": "Hello, Tom", "is_correct": true, "inputs": "Tom", "expected_output": "Hello, Tom", "subm": 1}}, {"model": "submissions.unittestentry", "pk": 3, "fields": {"visibility": true, "actual_output": "Hello, Judy", "is_correct": true, "inputs": "Judy", "expected_output": "Hello, Judy", "subm": 1}}, {"model": "submissions.unittestentry", "pk": 4, "fields": {"visibility": true, "actual_output": "hello Mike\nNone", "is_correct": false, "inputs": "Mike", "expected_output": "Hello, Mike", "subm": 2}}, {"model": "submissions.unittestentry", "pk": 5, "fields": {"visibility": true, "actual_output": "hello Tom\nNone", "is_correct": false, "inputs": "Tom", "expected_output": "Hello, Tom", "subm": 2}}, {"model": "submissions.unittestentry", "pk": 6, "fields": {"visibility": true, "actual_output": "hello Judy\nNone", "is_correct": false, "inputs": "Judy", "expected_output": "Hello, Judy", "subm": 2}}, {"model": "submissions.unittestentry", "pk": 7, "fields": {"visibility": true, "actual_output": "Hello, Mike", "is_correct": true, "inputs": "Mike", "expected_output": "Hello, Mike", "subm": 3}}, {"model": "submissions.unittestentry", "pk": 8, "fields": {"visibility": true, "actual_output": "Hello, Tom", "is_correct": true, "inputs": "Tom", "expected_output": "Hello, Tom", "subm": 3}}, {"model": "submissions.unittestentry", "pk": 9, "fields": {"visibility": true, "actual_output": "Hello, Judy", "is_correct": true, "inputs": "Judy", "expected_output": "Hello, Judy", "subm": 3}}, {"model": "submissions.unittestentry", "pk": 10, "fields": {"visibility": true, "actual_output": "fail to execute code", "is_correct": false, "inputs": "Mike", "expected_output": "Hello, Mike", "subm": 4}}, {"model": "submissions.unittestentry", "pk": 11, "fields": {"visibility": true, "actual_output": "fail to execute code", "is_correct": false, "inputs": "Tom", "expected_output": "Hello, Tom", "subm": 4}}, {"model": "submissions.unittestentry", "pk": 12, "fields": {"visibility": true, "actual_output": "fail to execute code", "is_correct": false, "inputs": "Judy", "expected_output": "Hello, Judy", "subm": 4}}, {"model": "submissions.unittestentry", "pk": 13, "fields": {"visibility": true, "actual_output": "byebye Mike", "is_correct": false, "inputs": "Mike", "expected_output": "Hello, Mike", "subm": 5}}, {"model": "submissions.unittestentry", "pk": 14, "fields": {"visibility": true, "actual_output": "byebye Tom", "is_correct": false, "inputs": "Tom", "expected_output": "Hello, Tom", "subm": 5}}, {"model": "submissions.unittestentry", "pk": 15, "fields": {"visibility": true, "actual_output": "byebye Judy", "is_correct": false, "inputs": "Judy", "expected_output": "Hello, Judy", "subm": 5}}, {"model": "submissions.unittestentry", "pk": 16, "fields": {"visibility": true, "actual_output": "hello Mike", "is_correct": false, "inputs": "Mike", "expected_output": "Hello, Mike", "subm": 6}}, {"model": "submissions.unittestentry", "pk": 17, "fields": {"visibility": true, "actual_output": "hello Tom", "is_correct": false, "inputs": "Tom", "expected_output": "Hello, Tom", "subm": 6}}, {"model": "submissions.unittestentry", "pk": 18, "fields": {"visibility": true, "actual_output": "hello Judy", "is_correct": false, "inputs": "Judy", "expected_output": "Hello, Judy", "subm": 6}}, {"model": "submissions.unittestentry", "pk": 19, "fields": {"visibility": true, "actual_output": "hello, Mike", "is_correct": false, "inputs": "Mike", "expected_output": "Hello, Mike", "subm": 7}}, {"model": "submissions.unittestentry", "pk": 20, "fields": {"visibility": true, "actual_output": "hello, Tom", "is_correct": false, "inputs": "Tom", "expected_output": "Hello, Tom", "subm": 7}}, {"model": "submissions.unittestentry", "pk": 21, "fields": {"visibility": true, "actual_output": "hello, Judy", "is_correct": false, "inputs": "Judy", "expected_output": "Hello, Judy", "subm": 7}}, {"model": "submissions.unittestentry", "pk": 22, "fields": {"visibility": true, "actual_output": "Hello, Mike", "is_correct": true, "inputs": "Mike", "expected_output": "Hello, Mike", "subm": 8}}, {"model": "submissions.unittestentry", "pk": 23, "fields": {"visibility": true, "actual_output": "Hello, Tom", "is_correct": true, "inputs": "Tom", "expected_output": "Hello, Tom", "subm": 8}}, {"model": "submissions.unittestentry", "pk": 24, "fields": {"visibility": true, "actual_output": "Hello, Judy", "is_correct": true, "inputs": "Judy", "expected_output": "Hello, Judy", "subm": 8}}, {"model": "submissions.unittestentry", "pk": 25, "fields": {"visibility": true, "actual_output": "Hello,Mike", "is_correct": false, "inputs": "Mike", "expected_output": "Hello, Mike", "subm": 9}}, {"model": "submissions.unittestentry", "pk": 26, "fields": {"visibility": true, "actual_output": "Hello,Tom", "is_correct": false, "inputs": "Tom", "expected_output": "Hello, Tom", "subm": 9}}, {"model": "submissions.unittestentry", "pk": 27, "fields": {"visibility": true, "actual_output": "Hello,Judy", "is_correct": false, "inputs": "Judy", "expected_output": "Hello, Judy", "subm": 9}}, {"model": "submissions.unittestentry", "pk": 28, "fields": {"visibility": true, "actual_output": "Hello, Mike!", "is_correct": false, "inputs": "Mike", "expected_output": "Hello, Mike", "subm": 10}}, {"model": "submissions.unittestentry", "pk": 29, "fields": {"visibility": true, "actual_output": "Hello, Tom!", "is_correct": false, "inputs": "Tom", "expected_output": "Hello, Tom", "subm": 10}}, {"model": "submissions.unittestentry", "pk": 30, "fields": {"visibility": true, "actual_output": "Hello, Judy!", "is_correct": false, "inputs": "Judy", "expected_output": "Hello, Judy", "subm": 10}}, {"model": "submissions.unittestentry", "pk": 31, "fields": {"visibility": true, "actual_output": "fail to execute code", "is_correct": false, "inputs": "Mike", "expected_output": "Hello, Mike", "subm": 11}}, {"model": "submissions.unittestentry", "pk": 32, "fields": {"visibility": true, "actual_output": "fail to execute code", "is_correct": false, "inputs": "Tom", "expected_output": "Hello, Tom", "subm": 11}}, {"model": "submissions.unittestentry", "pk": 33, "fields": {"visibility": true, "actual_output": "fail to execute code", "is_correct": false, "inputs": "Judy", "expected_output": "Hello, Judy", "subm": 11}}, {"model": "submissions.unittestentry", "pk": 34, "fields": {"visibility": true, "actual_output": "fail to execute code", "is_correct": false, "inputs": "Mike", "expected_output": "Hello, Mike", "subm": 12}}, {"model": "submissions.unittestentry", "pk": 35, "fields": {"visibility": true, "actual_output": "fail to execute code", "is_correct": false, "inputs": "Tom", "expected_output": "Hello, Tom", "subm": 12}}, {"model": "submissions.unittestentry", "pk": 36, "fields": {"visibility": true, "actual_output": "fail to execute code", "is_correct": false, "inputs": "Judy", "expected_output": "Hello, Judy", "subm": 12}}, {"model": "submissions.unittestentry", "pk": 37, "fields": {"visibility": true, "actual_output": "fail to execute code", "is_correct": false, "inputs": "Mike", "expected_output": "Hello, Mike", "subm": 13}}, {"model": "submissions.unittestentry", "pk": 38, "fields": {"visibility": true, "actual_output": "fail to execute code", "is_correct": false, "inputs": "Tom", "expected_output": "Hello, Tom", "subm": 13}}, {"model": "submissions.unittestentry", "pk": 39, "fields": {"visibility": true, "actual_output": "fail to execute code", "is_correct": false, "inputs": "Judy", "expected_output": "Hello, Judy", "subm": 13}}, {"model": "submissions.unittestentry", "pk": 40, "fields": {"visibility": true, "actual_output": "fail to execute code", "is_correct": false, "inputs": "Mike", "expected_output": "Hello, Mike", "subm": 14}}, {"model": "submissions.unittestentry", "pk": 41, "fields": {"visibility": true, "actual_output": "fail to execute code", "is_correct": false, "inputs": "Tom", "expected_output": "Hello, Tom", "subm": 14}}, {"model": "submissions.unittestentry", "pk": 42, "fields": {"visibility": true, "actual_output": "fail to execute code", "is_correct": false, "inputs": "Judy", "expected_output": "Hello, Judy", "subm": 14}}, {"model": "submissions.unittestentry", "pk": 43, "fields": {"visibility": true, "actual_output": "fail to execute code", "is_correct": false, "inputs": "Mike", "expected_output": "Hello, Mike", "subm": 15}}, {"model": "submissions.unittestentry", "pk": 44, "fields": {"visibility": true, "actual_output": "fail to execute code", "is_correct": false, "inputs": "Tom", "expected_output": "Hello, Tom", "subm": 15}}, {"model": "submissions.unittestentry", "pk": 45, "fields": {"visibility": true, "actual_output": "fail to execute code", "is_correct": false, "inputs": "Judy", "expected_output": "Hello, Judy", "subm": 15}}, {"model": "submissions.unittestentry", "pk": 46, "fields": {"visibility": true, "actual_output": "fail to execute code", "is_correct": false, "inputs": "Mike", "expected_output": "Hello, Mike", "subm": 16}}, {"model": "submissions.unittestentry", "pk": 47, "fields": {"visibility": true, "actual_output": "fail to execute code", "is_correct": false, "inputs": "Tom", "expected_output": "Hello, Tom", "subm": 16}}, {"model": "submissions.unittestentry", "pk": 48, "fields": {"visibility": true, "actual_output": "fail to execute code", "is_correct": false, "inputs": "Judy", "expected_output": "Hello, Judy", "subm": 16}}, {"model": "submissions.unittestentry", "pk": 49, "fields": {"visibility": true, "actual_output": "Hello,Mike", "is_correct": false, "inputs": "Mike", "expected_output": "Hello, Mike", "subm": 17}}, {"model": "submissions.unittestentry", "pk": 50, "fields": {"visibility": true, "actual_output": "Hello,Tom", "is_correct": false, "inputs": "Tom", "expected_output": "Hello, Tom", "subm": 17}}, {"model": "submissions.unittestentry", "pk": 51, "fields": {"visibility": true, "actual_output": "Hello,Judy", "is_correct": false, "inputs": "Judy", "expected_output": "Hello, Judy", "subm": 17}}, {"model": "submissions.unittestentry", "pk": 52, "fields": {"visibility": true, "actual_output": "Hello,Mike", "is_correct": false, "inputs": "Mike", "expected_output": "Hello, Mike", "subm": 18}}, {"model": "submissions.unittestentry", "pk": 53, "fields": {"visibility": true, "actual_output": "Hello,Tom", "is_correct": false, "inputs": "Tom", "expected_output": "Hello, Tom", "subm": 18}}, {"model": "submissions.unittestentry", "pk": 54, "fields": {"visibility": true, "actual_output": "Hello,Judy", "is_correct": false, "inputs": "Judy", "expected_output": "Hello, Judy", "subm": 18}}, {"model": "submissions.unittestentry", "pk": 55, "fields": {"visibility": true, "actual_output": "Hello,Mike", "is_correct": false, "inputs": "Mike", "expected_output": "Hello, Mike", "subm": 19}}, {"model": "submissions.unittestentry", "pk": 56, "fields": {"visibility": true, "actual_output": "Hello,Tom", "is_correct": false, "inputs": "Tom", "expected_output": "Hello, Tom", "subm": 19}}, {"model": "submissions.unittestentry", "pk": 57, "fields": {"visibility": true, "actual_output": "Hello,Judy", "is_correct": false, "inputs": "Judy", "expected_output": "Hello, Judy", "subm": 19}}, {"model": "submissions.unittestentry", "pk": 58, "fields": {"visibility": true, "actual_output": "Hello,Mike", "is_correct": false, "inputs": "Mike", "expected_output": "Hello, Mike", "subm": 20}}, {"model": "submissions.unittestentry", "pk": 59, "fields": {"visibility": true, "actual_output": "Hello,Tom", "is_correct": false, "inputs": "Tom", "expected_output": "Hello, Tom", "subm": 20}}, {"model": "submissions.unittestentry", "pk": 60, "fields": {"visibility": true, "actual_output": "Hello,Judy", "is_correct": false, "inputs": "Judy", "expected_output": "Hello, Judy", "subm": 20}}, {"model": "submissions.unittestentry", "pk": 61, "fields": {"visibility": true, "actual_output": "Hello, Mike", "is_correct": true, "inputs": "Mike", "expected_output": "Hello, Mike", "subm": 21}}, {"model": "submissions.unittestentry", "pk": 62, "fields": {"visibility": true, "actual_output": "Hello, Tom", "is_correct": true, "inputs": "Tom", "expected_output": "Hello, Tom", "subm": 21}}, {"model": "submissions.unittestentry", "pk": 63, "fields": {"visibility": true, "actual_output": "Hello, Judy", "is_correct": true, "inputs": "Judy", "expected_output": "Hello, Judy", "subm": 21}}, {"model": "submissions.unittestentry", "pk": 64, "fields": {"visibility": true, "actual_output": "Hello,Mike", "is_correct": false, "inputs": "Mike", "expected_output": "Hello, Mike", "subm": 22}}, {"model": "submissions.unittestentry", "pk": 65, "fields": {"visibility": true, "actual_output": "Hello,Tom", "is_correct": false, "inputs": "Tom", "expected_output": "Hello, Tom", "subm": 22}}, {"model": "submissions.unittestentry", "pk": 66, "fields": {"visibility": true, "actual_output": "Hello,Judy", "is_correct": false, "inputs": "Judy", "expected_output": "Hello, Judy", "subm": 22}}, {"model": "submissions.unittestentry", "pk": 67, "fields": {"visibility": true, "actual_output": "Hello, Mike", "is_correct": true, "inputs": "Mike", "expected_output": "Hello, Mike", "subm": 23}}, {"model": "submissions.unittestentry", "pk": 68, "fields": {"visibility": true, "actual_output": "Hello, Tom", "is_correct": true, "inputs": "Tom", "expected_output": "Hello, Tom", "subm": 23}}, {"model": "submissions.unittestentry", "pk": 69, "fields": {"visibility": true, "actual_output": "Hello, Judy", "is_correct": true, "inputs": "Judy", "expected_output": "Hello, Judy", "subm": 23}}, {"model": "submissions.unittestentry", "pk": 70, "fields": {"visibility": true, "actual_output": "fail to execute code", "is_correct": false, "inputs": "Mike", "expected_output": "Hello, Mike", "subm": 24}}, {"model": "submissions.unittestentry", "pk": 71, "fields": {"visibility": true, "actual_output": "fail to execute code", "is_correct": false, "inputs": "Tom", "expected_output": "Hello, Tom", "subm": 24}}, {"model": "submissions.unittestentry", "pk": 72, "fields": {"visibility": true, "actual_output": "fail to execute code", "is_correct": false, "inputs": "Judy", "expected_output": "Hello, Judy", "subm": 24}}, {"model": "submissions.unittestentry", "pk": 73, "fields": {"visibility": true, "actual_output": "fail to execute code", "is_correct": false, "inputs": "Mike", "expected_output": "Hello, Mike", "subm": 25}}, {"model": "submissions.unittestentry", "pk": 74, "fields": {"visibility": true, "actual_output": "fail to execute code", "is_correct": false, "inputs": "Tom", "expected_output": "Hello, Tom", "subm": 25}}, {"model": "submissions.unittestentry", "pk": 75, "fields": {"visibility": true, "actual_output": "fail to execute code", "is_correct": false, "inputs": "Judy", "expected_output": "Hello, Judy", "subm": 25}}, {"model": "submissions.unittestentry", "pk": 76, "fields": {"visibility": true, "actual_output": "fail to execute code", "is_correct": false, "inputs": "Mike", "expected_output": "Hello, Mike", "subm": 26}}, {"model": "submissions.unittestentry", "pk": 77, "fields": {"visibility": true, "actual_output": "fail to execute code", "is_correct": false, "inputs": "Tom", "expected_output": "Hello, Tom", "subm": 26}}, {"model": "submissions.unittestentry", "pk": 78, "fields": {"visibility": true, "actual_output": "fail to execute code", "is_correct": false, "inputs": "Judy", "expected_output": "Hello, Judy", "subm": 26}}, {"model": "submissions.unittestentry", "pk": 88, "fields": {"visibility": true, "actual_output": "Hello, Mike", "is_correct": true, "inputs": "Mike", "expected_output": "Hello, Mike", "subm": 30}}, {"model": "submissions.unittestentry", "pk": 89, "fields": {"visibility": true, "actual_output": "Hello, Tom", "is_correct": true, "inputs": "Tom", "expected_output": "Hello, Tom", "subm": 30}}, {"model": "submissions.unittestentry", "pk": 90, "fields": {"visibility": true, "actual_output": "Hello, Judy", "is_correct": true, "inputs": "Judy", "expected_output": "Hello, Judy", "subm": 30}}, {"model": "submissions.unittestentry", "pk": 91, "fields": {"visibility": true, "actual_output": "fail to execute code", "is_correct": false, "inputs": "Mike", "expected_output": "Hello, Mike", "subm": 31}}, {"model": "submissions.unittestentry", "pk": 92, "fields": {"visibility": true, "actual_output": "fail to execute code", "is_correct": false, "inputs": "Tom", "expected_output": "Hello, Tom", "subm": 31}}, {"model": "submissions.unittestentry", "pk": 93, "fields": {"visibility": true, "actual_output": "fail to execute code", "is_correct": false, "inputs": "Judy", "expected_output": "Hello, Judy", "subm": 31}}, {"model": "submissions.unittestentry", "pk": 94, "fields": {"visibility": true, "actual_output": "Hello, Mike", "is_correct": true, "inputs": "Mike", "expected_output": "Hello, Mike", "subm": 32}}, {"model": "submissions.unittestentry", "pk": 95, "fields": {"visibility": true, "actual_output": "Hello, Tom", "is_correct": true, "inputs": "Tom", "expected_output": "Hello, Tom", "subm": 32}}, {"model": "submissions.unittestentry", "pk": 96, "fields": {"visibility": true, "actual_output": "Hello, Judy", "is_correct": true, "inputs": "Judy", "expected_output": "Hello, Judy", "subm": 32}}, {"model": "submissions.unittestentry", "pk": 97, "fields": {"visibility": true, "actual_output": "Hello, Mike", "is_correct": true, "inputs": "Mike", "expected_output": "Hello, Mike", "subm": 33}}, {"model": "submissions.unittestentry", "pk": 98, "fields": {"visibility": true, "actual_output": "Hello, Tom", "is_correct": true, "inputs": "Tom", "expected_output": "Hello, Tom", "subm": 33}}, {"model": "submissions.unittestentry", "pk": 99, "fields": {"visibility": true, "actual_output": "Hello, Judy", "is_correct": true, "inputs": "Judy", "expected_output": "Hello, Judy", "subm": 33}}, {"model": "submissions.unittestentry", "pk": 100, "fields": {"visibility": true, "actual_output": "Hello, Mike", "is_correct": true, "inputs": "Mike", "expected_output": "Hello, Mike", "subm": 34}}, {"model": "submissions.unittestentry", "pk": 101, "fields": {"visibility": true, "actual_output": "Hello, Tom", "is_correct": true, "inputs": "Tom", "expected_output": "Hello, Tom", "subm": 34}}, {"model": "submissions.unittestentry", "pk": 102, "fields": {"visibility": true, "actual_output": "Hello, Judy", "is_correct": true, "inputs": "Judy", "expected_output": "Hello, Judy", "subm": 34}}, {"model": "submissions.unittestentry", "pk": 103, "fields": {"visibility": true, "actual_output": "Hello, Mike", "is_correct": true, "inputs": "Mike", "expected_output": "Hello, Mike", "subm": 35}}, {"model": "submissions.unittestentry", "pk": 104, "fields": {"visibility": true, "actual_output": "Hello, Tom", "is_correct": true, "inputs": "Tom", "expected_output": "Hello, Tom", "subm": 35}}, {"model": "submissions.unittestentry", "pk": 105, "fields": {"visibility": true, "actual_output": "Hello, Judy", "is_correct": true, "inputs": "Judy", "expected_output": "Hello, Judy", "subm": 35}}, {"model": "submissions.unittestentry", "pk": 106, "fields": {"visibility": true, "actual_output": "Hello, Mike", "is_correct": true, "inputs": "Mike", "expected_output": "Hello, Mike", "subm": 36}}, {"model": "submissions.unittestentry", "pk": 107, "fields": {"visibility": true, "actual_output": "Hello, Tom", "is_correct": true, "inputs": "Tom", "expected_output": "Hello, Tom", "subm": 36}}, {"model": "submissions.unittestentry", "pk": 108, "fields": {"visibility": true, "actual_output": "Hello, Judy", "is_correct": true, "inputs": "Judy", "expected_output": "Hello, Judy", "subm": 36}}, {"model": "submissions.unittestentry", "pk": 109, "fields": {"visibility": true, "actual_output": "Hello, Mike", "is_correct": true, "inputs": "Mike", "expected_output": "Hello, Mike", "subm": 37}}, {"model": "submissions.unittestentry", "pk": 110, "fields": {"visibility": true, "actual_output": "Hello, Tom", "is_correct": true, "inputs": "Tom", "expected_output": "Hello, Tom", "subm": 37}}, {"model": "submissions.unittestentry", "pk": 111, "fields": {"visibility": true, "actual_output": "Hello, Judy", "is_correct": true, "inputs": "Judy", "expected_output": "Hello, Judy", "subm": 37}}, {"model": "submissions.unittestentry", "pk": 112, "fields": {"visibility": true, "actual_output": "Hello, Mike", "is_correct": true, "inputs": "Mike", "expected_output": "Hello, Mike", "subm": 38}}, {"model": "submissions.unittestentry", "pk": 113, "fields": {"visibility": true, "actual_output": "Hello, Tom", "is_correct": true, "inputs": "Tom", "expected_output": "Hello, Tom", "subm": 38}}, {"model": "submissions.unittestentry", "pk": 114, "fields": {"visibility": true, "actual_output": "Hello, Judy", "is_correct": true, "inputs": "Judy", "expected_output": "Hello, Judy", "subm": 38}}, {"model": "submissions.unittestentry", "pk": 115, "fields": {"visibility": true, "actual_output": "Hello Mike", "is_correct": false, "inputs": "Mike", "expected_output": "Hello, Mike", "subm": 39}}, {"model": "submissions.unittestentry", "pk": 116, "fields": {"visibility": true, "actual_output": "Hello Tom", "is_correct": false, "inputs": "Tom", "expected_output": "Hello, Tom", "subm": 39}}, {"model": "submissions.unittestentry", "pk": 117, "fields": {"visibility": true, "actual_output": "Hello Judy", "is_correct": false, "inputs": "Judy", "expected_output": "Hello, Judy", "subm": 39}}, {"model": "submissions.unittestentry", "pk": 118, "fields": {"visibility": false, "actual_output": "-", "is_correct": false, "inputs": "-", "expected_output": "-", "subm": 40}}, {"model": "submissions.unittestentry", "pk": 119, "fields": {"visibility": false, "actual_output": "-", "is_correct": false, "inputs": "-", "expected_output": "-", "subm": 40}}, {"model": "submissions.unittestentry", "pk": 120, "fields": {"visibility": false, "actual_output": "-", "is_correct": true, "inputs": "-", "expected_output": "-", "subm": 41}}, {"model": "submissions.unittestentry", "pk": 121, "fields": {"visibility": false, "actual_output": "-", "is_correct": true, "inputs": "-", "expected_output": "-", "subm": 41}}, {"model": "submissions.codesubmission", "pk": 1, "fields": {"date_created": "2016-01-14T07:49:41.488Z", "created_by": 2, "score": "-1.00", "type": 0, "question": 1, "code": "def hello(name):\n  return \"Hello, %s\" %name", "performance_report": 1}}, {"model": "submissions.codesubmission", "pk": 2, "fields": {"date_created": "2016-01-14T09:00:58.453Z", "created_by": 4, "score": "-1.00", "type": 0, "question": 1, "code": "# YOUR CODE HERE\n\ndef hello(word):\n  print (\"hello\" +\" \"+ word)", "performance_report": 2}}, {"model": "submissions.codesubmission", "pk": 3, "fields": {"date_created": "2016-01-14T09:01:21.296Z", "created_by": 4, "score": "-1.00", "type": 0, "question": 1, "code": "# YOUR CODE HERE\n\ndef hello(word):\n  return (\"Hello,\" +\" \"+ word)", "performance_report": 3}}, {"model": "submissions.codesubmission", "pk": 4, "fields": {"date_created": "2016-01-14T09:26:22.440Z", "created_by": 5, "score": "-1.00", "type": 0, "question": 1, "code": "def talkCock(name):\n  return \"byebye \" + name", "performance_report": 4}}, {"model": "submissions.codesubmission", "pk": 5, "fields": {"date_created": "2016-01-14T09:26:42.920Z", "created_by": 5, "score": "-1.00", "type": 0, "question": 1, "code": "def hello(name):\n  return \"byebye \" + name", "performance_report": 5}}, {"model": "submissions.codesubmission", "pk": 6, "fields": {"date_created": "2016-01-14T09:27:24.938Z", "created_by": 5, "score": "-1.00", "type": 0, "question": 1, "code": "def hello(name):\n  return \"hello \" + name", "performance_report": 6}}, {"model": "submissions.codesubmission", "pk": 7, "fields": {"date_created": "2016-01-14T09:27:33.338Z", "created_by": 5, "score": "-1.00", "type": 0, "question": 1, "code": "def hello(name):\n  return \"hello, \" + name", "performance_report": 7}}, {"model": "submissions.codesubmission", "pk": 8, "fields": {"date_created": "2016-01-14T09:27:38.404Z", "created_by": 5, "score": "-1.00", "type": 0, "question": 1, "code": "def hello(name):\n  return \"Hello, \" + name", "performance_report": 8}}, {"model": "submissions.codesubmission", "pk": 9, "fields": {"date_created": "2016-01-14T09:35:35.216Z", "created_by": 5, "score": "-1.00", "type": 0, "question": 1, "code": "def hello(name):\n  return \"Hello,\" + name", "performance_report": 11}}, {"model": "submissions.codesubmission", "pk": 10, "fields": {"date_created": "2016-01-14T09:38:07.905Z", "created_by": 2, "score": "-1.00", "type": 0, "question": 1, "code": "def hello(name):\n  return \"Hello, %s!\" %name", "performance_report": 13}}, {"model": "submissions.codesubmission", "pk": 11, "fields": {"date_created": "2016-01-14T10:15:55.749Z", "created_by": 6, "score": "-1.00", "type": 0, "question": 1, "code": ">>> hello(\"Tom\")\n\n# return \"Hello, Tom\"", "performance_report": 14}}, {"model": "submissions.codesubmission", "pk": 12, "fields": {"date_created": "2016-01-14T10:17:24.623Z", "created_by": 6, "score": "-1.00", "type": 0, "question": 1, "code": "", "performance_report": 15}}, {"model": "submissions.codesubmission", "pk": 13, "fields": {"date_created": "2016-01-14T10:19:36.125Z", "created_by": 6, "score": "-1.00", "type": 0, "question": 1, "code": "name\nprint(name)", "performance_report": 16}}, {"model": "submissions.codesubmission", "pk": 14, "fields": {"date_created": "2016-01-14T10:20:00.040Z", "created_by": 6, "score": "-1.00", "type": 0, "question": 1, "code": "name\nprint(name)", "performance_report": 17}}, {"model": "submissions.codesubmission", "pk": 15, "fields": {"date_created": "2016-01-14T15:19:06.243Z", "created_by": 3, "score": "-1.00", "type": 0, "question": 1, "code": "def hello(name)\n\tnewname = \"Hello,\" + name;\n  \treturn newname;", "performance_report": 18}}, {"model": "submissions.codesubmission", "pk": 16, "fields": {"date_created": "2016-01-14T15:19:22.716Z", "created_by": 3, "score": "-1.00", "type": 0, "question": 1, "code": "def hello(name)\n\tnewname = \"Hello,\" + name;\n  \treturn newname;", "performance_report": 19}}, {"model": "submissions.codesubmission", "pk": 17, "fields": {"date_created": "2016-01-14T15:22:48.176Z", "created_by": 3, "score": "-1.00", "type": 0, "question": 1, "code": "def hello(name):\n  newname = \"Hello,\" + name;\n  return newname;\n  \n# hello(\"Tom\");", "performance_report": 20}}, {"model": "submissions.codesubmission", "pk": 18, "fields": {"date_created": "2016-01-14T15:23:41.466Z", "created_by": 3, "score": "-1.00", "type": 0, "question": 1, "code": "def hello(name):\n  newname = \"Hello,\" + name;\n  return newname;\n  \n# hello(\"Tom\");", "performance_report": 21}}, {"model": "submissions.codesubmission", "pk": 19, "fields": {"date_created": "2016-01-14T15:23:44.076Z", "created_by": 3, "score": "-1.00", "type": 0, "question": 1, "code": "def hello(name):\n  newname = \"Hello,\" + name;\n  return newname;\n  \n# hello(\"Tom\");", "performance_report": 22}}, {"model": "submissions.codesubmission", "pk": 20, "fields": {"date_created": "2016-01-14T15:23:51.043Z", "created_by": 3, "score": "-1.00", "type": 0, "question": 1, "code": "def hello(name):\n  newname = \"Hello,\" + name;\n  return newname;\n  \n# hello(\"Tom\");", "performance_report": 23}}, {"model": "submissions.codesubmission", "pk": 21, "fields": {"date_created": "2016-01-14T15:23:51.089Z", "created_by": 3, "score": "-1.00", "type": 0, "question": 1, "code": "def hello(name):\n  newname = \"Hello, \" + name;\n  return newname;\n  \n# hello(\"Tom\");", "performance_report": 24}}, {"model": "submissions.codesubmission", "pk": 22, "fields": {"date_created": "2016-01-14T15:23:59.137Z", "created_by": 3, "score": "-1.00", "type": 0, "question": 1, "code": "def hello(name):\n  newname = \"Hello,\" + name\n  return newname\n  \n# hello(\"Tom\");", "performance_report": 25}}, {"model": "submissions.codesubmission", "pk": 23, "fields": {"date_created": "2016-01-14T15:24:01.111Z", "created_by": 3, "score": "-1.00", "type": 0, "question": 1, "code": "def hello(name):\n  newname = \"Hello, \" + name\n  return newname\n  \n# hello(\"Tom\");", "performance_report": 26}}, {"model": "submissions.codesubmission", "pk": 24, "fields": {"date_created": "2016-01-14T16:19:12.432Z", "created_by": 11, "score": "-1.00", "type": 0, "question": 1, "code": "hello(\"Tom\")\n# return \"Hello, Tom\"", "performance_report": 27}}, {"model": "submissions.codesubmission", "pk": 25, "fields": {"date_created": "2016-01-15T03:15:41.834Z", "created_by": 8, "score": "-1.00", "type": 0, "question": 1, "code": ">>>hello(\"Tom\")", "performance_report": 28}}, {"model": "submissions.codesubmission", "pk": 26, "fields": {"date_created": "2016-01-15T03:15:48.144Z", "created_by": 8, "score": "-1.00", "type": 0, "question": 1, "code": ">>>hello(\"Tom\")", "performance_report": 29}}, {"model": "submissions.codesubmission", "pk": 30, "fields": {"date_created": "2016-01-15T07:07:16.112Z", "created_by": 14, "score": "-1.00", "type": 0, "question": 1, "code": "def hello(name): return \"Hello, %s\"%name", "performance_report": 33}}, {"model": "submissions.codesubmission", "pk": 31, "fields": {"date_created": "2016-01-15T07:08:55.226Z", "created_by": 14, "score": "-1.00", "type": 0, "question": 1, "code": "def hello(name):\n  return ('Hello, '+name)\n\nprint (hello('Tom')", "performance_report": 34}}, {"model": "submissions.codesubmission", "pk": 32, "fields": {"date_created": "2016-01-15T07:09:34.654Z", "created_by": 14, "score": "-1.00", "type": 0, "question": 1, "code": "def hello(name):\n  return ('Hello, '+name)\n\nhello('Tom')", "performance_report": 35}}, {"model": "submissions.codesubmission", "pk": 33, "fields": {"date_created": "2016-01-15T07:09:58.341Z", "created_by": 14, "score": "-1.00", "type": 0, "question": 1, "code": "def hello(name):\n  return ('Hello, '+name)\n\nhello('Tom')", "performance_report": 36}}, {"model": "submissions.codesubmission", "pk": 34, "fields": {"date_created": "2016-01-15T07:10:24.220Z", "created_by": 14, "score": "-1.00", "type": 0, "question": 1, "code": "def hello(name):\n  return ('Hello, '+name)\n\nhello('Jessie')", "performance_report": 37}}, {"model": "submissions.codesubmission", "pk": 35, "fields": {"date_created": "2016-01-15T07:10:29.528Z", "created_by": 14, "score": "-1.00", "type": 0, "question": 1, "code": "def hello(name):\n  return ('Hello, '+name)\n\nhello('Jessie')", "performance_report": 38}}, {"model": "submissions.codesubmission", "pk": 36, "fields": {"date_created": "2016-01-15T07:10:57.907Z", "created_by": 14, "score": "-1.00", "type": 0, "question": 1, "code": "def hello(name):\n  return ('Hello, '+name)\n\nhello('Jessie')", "performance_report": 39}}, {"model": "submissions.codesubmission", "pk": 37, "fields": {"date_created": "2016-01-15T07:11:31.961Z", "created_by": 14, "score": "-1.00", "type": 0, "question": 1, "code": "def hello(name):\n  return ('Hello, '+name)\n\nhello('Jessie')", "performance_report": 40}}, {"model": "submissions.codesubmission", "pk": 38, "fields": {"date_created": "2016-01-15T08:14:39.998Z", "created_by": 14, "score": "-1.00", "type": 0, "question": 1, "code": "def hello(name):\n  return ('Hello, '+name)\n\nhello('Jessie')", "performance_report": 41}}, {"model": "submissions.codesubmission", "pk": 39, "fields": {"date_created": "2016-01-15T08:14:51.327Z", "created_by": 14, "score": "-1.00", "type": 0, "question": 1, "code": "def hello(name):\n  return ('Hello '+name)", "performance_report": 42}}, {"model": "submissions.codesubmission", "pk": 40, "fields": {"date_created": "2016-01-16T05:54:52.788Z", "created_by": 12, "score": "-1.00", "type": 0, "question": 1, "code": "hello(\"keryse\")\n\"hello, keryse\"", "performance_report": 43}}, {"model": "submissions.codesubmission", "pk": 41, "fields": {"date_created": "2016-01-17T02:21:26.098Z", "created_by": 2, "score": "-1.00", "type": 0, "question": 1, "code": "def hello(name):\n  return \"Hello, %s\" %name", "performance_report": 44}}, {"model": "submissions.blanksubmission", "pk": 1, "fields": {"date_created": "2016-01-18T11:07:58.756Z", "created_by": 2, "score": "-1.00", "type": 2, "question": 1, "blanks": "[\"2\", \"4\"]", "evaluation": "[\"True\", \"True\"]"}}, {"model": "submissions.mcqsubmission", "pk": 20, "fields": {"date_created": "2016-01-15T09:34:47.791Z", "created_by": 2, "score": "-1.00", "type": 1, "question": 1, "answer": 3}}, {"model": "submissions.mcqsubmission", "pk": 27, "fields": {"date_created": "2016-01-15T15:30:04.154Z", "created_by": 2, "score": "-1.00", "type": 1, "question": 2, "answer": 6}}, {"model": "submissions.programmingquestionprogress", "pk": 1, "fields": {"student": 2, "status": 0, "date_last_updated": "2016-01-15T09:28:19.430Z", "answer_last_saved": "def hello(name):\n  return \"Hello, %s\" %name", "question": 1}}, {"model": "submissions.programmingquestionprogress", "pk": 85, "fields": {"student": 12, "status": 0, "date_last_updated": "2016-01-16T05:53:29.676Z", "answer_last_saved": "hello(\"keryse\")\n#return \"hello, keryse\"\n", "question": 1}}, {"model": "submissions.programmingquestionprogress", "pk": 86, "fields": {"student": 12, "status": 0, "date_last_updated": "2016-01-16T05:53:48.000Z", "answer_last_saved": "hello(\"keryse\")\n\n", "question": 1}}, {"model": "submissions.programmingquestionprogress", "pk": 87, "fields": {"student": 12, "status": 0, "date_last_updated": "2016-01-16T05:53:56.292Z", "answer_last_saved": "hello(\"keryse\")\n\n", "question": 1}}, {"model": "submissions.programmingquestionprogress", "pk": 88, "fields": {"student": 12, "status": 0, "date_last_updated": "2016-01-16T05:54:07.189Z", "answer_last_saved": "# YOUR CODE HERE", "question": 1}}, {"model": "submissions.programmingquestionprogress", "pk": 89, "fields": {"student": 12, "status": 0, "date_last_updated": "2016-01-16T05:54:42.688Z", "answer_last_saved": "hello(\"keryse\")\n\"hello, keryse\"\n", "question": 1}}, {"model": "submissions.programmingquestionprogress", "pk": 90, "fields": {"student": 12, "status": 0, "date_last_updated": "2016-01-16T05:54:47.697Z", "answer_last_saved": "hello(\"keryse\")\n\"hello, keryse\"\n", "question": 1}}, {"model": "submissions.programmingquestionprogress", "pk": 91, "fields": {"student": 2, "status": 0, "date_last_updated": "2016-01-16T06:15:19.946Z", "answer_last_saved": "def hello(name):\n  return \"Hello, %s\" %name", "question": 1}}, {"model": "submissions.programmingquestionprogress", "pk": 92, "fields": {"student": 2, "status": 0, "date_last_updated": "2016-01-16T06:15:20.946Z", "answer_last_saved": "def hello(name):\n  return \"Hello, %s\" %name", "question": 1}}, {"model": "submissions.programmingquestionprogress", "pk": 93, "fields": {"student": 2, "status": 0, "date_last_updated": "2016-01-16T06:15:20.966Z", "answer_last_saved": "def hello(name):\n  return \"Hello, %s\" %name", "question": 1}}, {"model": "submissions.programmingquestionprogress", "pk": 94, "fields": {"student": 2, "status": 0, "date_last_updated": "2016-01-16T06:15:21.319Z", "answer_last_saved": "def hello(name):\n  return \"Hello, %s\" %name", "question": 1}}, {"model": "submissions.programmingquestionprogress", "pk": 95, "fields": {"student": 2, "status": 0, "date_last_updated": "2016-01-16T06:15:21.320Z", "answer_last_saved": "def hello(name):\n  return \"Hello, %s\" %name", "question": 1}}, {"model": "submissions.programmingquestionprogress", "pk": 96, "fields": {"student": 2, "status": 0, "date_last_updated": "2016-01-16T06:15:21.648Z", "answer_last_saved": "def hello(name):\n  return \"Hello, %s\" %name", "question": 1}}, {"model": "submissions.programmingquestionprogress", "pk": 97, "fields": {"student": 2, "status": 0, "date_last_updated": "2016-01-16T06:15:23.830Z", "answer_last_saved": "def hello(name):\n  return \"Hello, %s\" %name", "question": 1}}, {"model": "submissions.programmingquestionprogress", "pk": 98, "fields": {"student": 2, "status": 0, "date_last_updated": "2016-01-16T06:15:24.377Z", "answer_last_saved": "def hello(name):\n  return \"Hello, %s\" %name", "question": 1}}, {"model": "submissions.programmingquestionprogress", "pk": 99, "fields": {"student": 2, "status": 0, "date_last_updated": "2016-01-17T02:09:22.125Z", "answer_last_saved": "def hello(name):\n  return \"Hello, %s\" %name", "question": 1}}, {"model": "submissions.programmingquestionprogress", "pk": 100, "fields": {"student": 2, "status": 0, "date_last_updated": "2016-01-17T02:09:25.979Z", "answer_last_saved": "def hello(name):\n  return \"Hello, %s\" %name", "question": 1}}, {"model": "submissions.programmingquestionprogress", "pk": 101, "fields": {"student": 2, "status": 0, "date_last_updated": "2016-01-17T02:11:00.925Z", "answer_last_saved": "def hello(name):\n  return \"Hello, %s\" %name", "question": 1}}, {"model": "submissions.programmingquestionprogress", "pk": 102, "fields": {"student": 2, "status": 0, "date_last_updated": "2016-01-17T02:13:04.485Z", "answer_last_saved": "def hello(name):\n  return \"Hello, %s\" %name", "question": 1}}, {"model": "submissions.programmingquestionprogress", "pk": 103, "fields": {"student": 2, "status": 0, "date_last_updated": "2016-01-17T02:23:33.188Z", "answer_last_saved": "def hello(name):\n  return \"Hello, %s\" %name", "question": 1}}, {"model": "submissions.programmingquestionprogress", "pk": 104, "fields": {"student": 2, "status": 0, "date_last_updated": "2016-01-17T02:26:27.876Z", "answer_last_saved": "def hello(name):\n  return \"Hello, %s\" %name", "question": 1}}, {"model": "submissions.programmingquestionprogress", "pk": 105, "fields": {"student": 2, "status": 0, "date_last_updated": "2016-01-17T02:26:31.044Z", "answer_last_saved": "def hello(name):\n  return \"Hello, %s\" %name", "question": 1}}, {"model": "submissions.programmingquestionprogress", "pk": 106, "fields": {"student": 2, "status": 0, "date_last_updated": "2016-01-17T02:26:41.189Z", "answer_last_saved": "def hello(name):\n  return \"Hello, %s\" %name", "question": 1}}, {"model": "submissions.programmingquestionprogress", "pk": 107, "fields": {"student": 2, "status": 0, "date_last_updated": "2016-01-17T02:27:40.800Z", "answer_last_saved": "def hello(name):\n  return \"Hello, %s\" %name", "question": 1}}, {"model": "submissions.programmingquestionprogress", "pk": 108, "fields": {"student": 2, "status": 0, "date_last_updated": "2016-01-17T02:28:11.081Z", "answer_last_saved": "def hello(name):\n  return \"Hello, %s\" %name", "question": 1}}, {"model": "submissions.programmingquestionprogress", "pk": 109, "fields": {"student": 2, "status": 0, "date_last_updated": "2016-01-18T11:09:27.786Z", "answer_last_saved": "def hello(name):\n  return \"Hello %s\", %name", "question": 3}}, {"model": "submissions.programmingquestionprogress", "pk": 110, "fields": {"student": 2, "status": 0, "date_last_updated": "2016-01-18T11:13:05.039Z", "answer_last_saved": "def hello(name):\n  return \"Hello %s\", %name", "question": 3}}, {"model": "submissions.programmingquestionprogress", "pk": 111, "fields": {"student": 2, "status": 0, "date_last_updated": "2016-01-18T11:14:48.235Z", "answer_last_saved": "def hello(name):\n  return \"Hello %s\", %name", "question": 3}}, {"model": "submissions.programmingquestionprogress", "pk": 112, "fields": {"student": 2, "status": 0, "date_last_updated": "2016-01-18T11:16:08.552Z", "answer_last_saved": "def hello(name):\n  return \"Hello %s\", %name", "question": 3}}, {"model": "submissions.programmingquestionprogress", "pk": 113, "fields": {"student": 2, "status": 0, "date_last_updated": "2016-01-18T11:50:53.068Z", "answer_last_saved": "def hello(name):\n  return \"Hello, %s\" %name", "question": 1}}, {"model": "submissions.programmingquestionprogress", "pk": 114, "fields": {"student": 2, "status": 0, "date_last_updated": "2016-01-18T11:51:23.554Z", "answer_last_saved": "def hello(name):\n  return \"Hello, %s\" %name", "question": 1}}, {"model": "submissions.programmingquestionprogress", "pk": 115, "fields": {"student": 2, "status": 0, "date_last_updated": "2016-01-18T11:51:46.556Z", "answer_last_saved": "def hello(name):\n  return \"Hello, %s\" %name", "question": 1}}, {"model": "submissions.programmingquestionprogress", "pk": 116, "fields": {"student": 2, "status": 0, "date_last_updated": "2016-01-18T11:52:22.447Z", "answer_last_saved": "def hello(name):\n  return \"Hello, %s\" %name", "question": 1}}, {"model": "submissions.programmingquestionprogress", "pk": 117, "fields": {"student": 2, "status": 0, "date_last_updated": "2016-01-18T11:52:25.721Z", "answer_last_saved": "def hello(name):\n  return \"Hello, %s\" %name", "question": 1}}, {"model": "submissions.programmingquestionprogress", "pk": 118, "fields": {"student": 2, "status": 0, "date_last_updated": "2016-01-18T11:52:31.970Z", "answer_last_saved": "def hello(name):\n  return \"Hello, %s\" %name", "question": 1}}, {"model": "submissions.programmingquestionprogress", "pk": 119, "fields": {"student": 2, "status": 0, "date_last_updated": "2016-01-18T11:53:00.684Z", "answer_last_saved": "def hello(name):\n  return \"Hello, %s\" %name", "question": 1}}, {"model": "submissions.programmingquestionprogress", "pk": 120, "fields": {"student": 2, "status": 0, "date_last_updated": "2016-01-18T11:53:03.954Z", "answer_last_saved": "def hello(name):\n  return \"Hello, %s\" %name", "question": 1}}, {"model": "submissions.programmingquestionprogress", "pk": 121, "fields": {"student": 2, "status": 0, "date_last_updated": "2016-01-18T11:53:20.095Z", "answer_last_saved": "def hello(name):\n  return \"Hello %s\", %name", "question": 3}}, {"model": "submissions.programmingquestionprogress", "pk": 122, "fields": {"student": 2, "status": 0, "date_last_updated": "2016-01-18T11:53:25.575Z", "answer_last_saved": "def hello(name):\n  return \"Hello %s\", %name", "question": 3}}, {"model": "submissions.blankquestionprogress", "pk": 1, "fields": {"student": 2, "status": 0, "date_last_updated": "2016-01-18T11:06:44.151Z", "answer_last_saved": "[\"2\", \"4\"]", "question": 1}}, {"model": "submissions.blankquestionprogress", "pk": 2, "fields": {"student": 2, "status": 0, "date_last_updated": "2016-01-18T11:06:47.325Z", "answer_last_saved": "[\"2\", \"4\"]", "question": 1}}, {"model": "submissions.blankquestionprogress", "pk": 3, "fields": {"student": 2, "status": 0, "date_last_updated": "2016-01-18T11:07:21.549Z", "answer_last_saved": "[\"2\", \"4\"]", "question": 1}}, {"model": "submissions.blankquestionprogress", "pk": 4, "fields": {"student": 2, "status": 0, "date_last_updated": "2016-01-18T11:07:54.071Z", "answer_last_saved": "[\"2\", \"4\"]", "question": 1}}, {"model": "submissions.mcqprogress", "pk": 1, "fields": {"student": 6, "status": 0, "date_last_updated": "2016-01-14T10:15:45.598Z", "choice": 3, "question": 1}}, {"model": "submissions.mcqprogress", "pk": 3, "fields": {"student": 2, "status": 0, "date_last_updated": "2016-01-18T11:08:11.747Z", "choice": 12, "question": 3}}, {"model": "authtoken.token", "pk": "36310748d1a691383ce19cfda5729c831caa8bec", "fields": {"user": 5, "created": "2016-01-14T09:13:47.093Z"}}, {"model": "authtoken.token", "pk": "38dbbe350563c80e57bce2729e8ceb4a27983449", "fields": {"user": 10, "created": "2016-01-17T04:00:42.878Z"}}, {"model": "authtoken.token", "pk": "41f868d207d3fac65504f78132cd6d06fc5beebb", "fields": {"user": 1, "created": "2016-01-19T04:26:48.152Z"}}, {"model": "authtoken.token", "pk": "42b397bd336290130748ea9736fa60f9b73e2b4c", "fields": {"user": 7, "created": "2016-01-14T10:24:44.307Z"}}, {"model": "authtoken.token", "pk": "a8029cb9bf3c7dbe3f29f33c7e3f3381dc100fc2", "fields": {"user": 2, "created": "2016-01-19T09:18:18.968Z"}}, {"model": "authtoken.token", "pk": "bc34040355a2867b7ca5a931135c54e249f8ad91", "fields": {"user": 8, "created": "2016-01-15T03:14:50.122Z"}}, {"model": "authtoken.token", "pk": "bf79920c9a0c92f675ea832fc7540ecfb8f287de", "fields": {"user": 4, "created": "2016-01-14T08:56:44.894Z"}}, {"model": "authtoken.token", "pk": "d3f70b10d04a48fc5871cb31f3731955de47abea", "fields": {"user": 12, "created": "2016-01-16T05:50:47.502Z"}}, {"model": "authtoken.token", "pk": "dddcda123569c60901b32ca2a2e79930c299fa32", "fields": {"user": 6, "created": "2016-01-14T10:21:11.547Z"}}, {"model": "authtoken.token", "pk": "ea31f2bed2487c7be457c3dd1d0232b7b8c9a70e", "fields": {"user": 11, "created": "2016-01-14T16:18:15.788Z"}}, {"model": "auth.permission", "pk": 1, "fields": {"name": "Can add log entry", "content_type": 1, "codename": "add_logentry"}}, {"model": "auth.permission", "pk": 2, "fields": {"name": "Can change log entry", "content_type": 1, "codename": "change_logentry"}}, {"model": "auth.permission", "pk": 3, "fields": {"name": "Can delete log entry", "content_type": 1, "codename": "delete_logentry"}}, {"model": "auth.permission", "pk": 4, "fields": {"name": "Can add permission", "content_type": 2, "codename": "add_permission"}}, {"model": "auth.permission", "pk": 5, "fields": {"name": "Can change permission", "content_type": 2, "codename": "change_permission"}}, {"model": "auth.permission", "pk": 6, "fields": {"name": "Can delete permission", "content_type": 2, "codename": "delete_permission"}}, {"model": "auth.permission", "pk": 7, "fields": {"name": "Can add group", "content_type": 3, "codename": "add_group"}}, {"model": "auth.permission", "pk": 8, "fields": {"name": "Can change group", "content_type": 3, "codename": "change_group"}}, {"model": "auth.permission", "pk": 9, "fields": {"name": "Can delete group", "content_type": 3, "codename": "delete_group"}}, {"model": "auth.permission", "pk": 10, "fields": {"name": "Can add content type", "content_type": 4, "codename": "add_contenttype"}}, {"model": "auth.permission", "pk": 11, "fields": {"name": "Can change content type", "content_type": 4, "codename": "change_contenttype"}}, {"model": "auth.permission", "pk": 12, "fields": {"name": "Can delete content type", "content_type": 4, "codename": "delete_contenttype"}}, {"model": "auth.permission", "pk": 13, "fields": {"name": "Can add session", "content_type": 5, "codename": "add_session"}}, {"model": "auth.permission", "pk": 14, "fields": {"name": "Can change session", "content_type": 5, "codename": "change_session"}}, {"model": "auth.permission", "pk": 15, "fields": {"name": "Can delete session", "content_type": 5, "codename": "delete_session"}}, {"model": "auth.permission", "pk": 16, "fields": {"name": "Can add cors model", "content_type": 6, "codename": "add_corsmodel"}}, {"model": "auth.permission", "pk": 17, "fields": {"name": "Can change cors model", "content_type": 6, "codename": "change_corsmodel"}}, {"model": "auth.permission", "pk": 18, "fields": {"name": "Can delete cors model", "content_type": 6, "codename": "delete_corsmodel"}}, {"model": "auth.permission", "pk": 19, "fields": {"name": "Can add token", "content_type": 7, "codename": "add_token"}}, {"model": "auth.permission", "pk": 20, "fields": {"name": "Can change token", "content_type": 7, "codename": "change_token"}}, {"model": "auth.permission", "pk": 21, "fields": {"name": "Can delete token", "content_type": 7, "codename": "delete_token"}}, {"model": "auth.permission", "pk": 22, "fields": {"name": "Can add user", "content_type": 8, "codename": "add_proqoduser"}}, {"model": "auth.permission", "pk": 23, "fields": {"name": "Can change user", "content_type": 8, "codename": "change_proqoduser"}}, {"model": "auth.permission", "pk": 24, "fields": {"name": "Can delete user", "content_type": 8, "codename": "delete_proqoduser"}}, {"model": "auth.permission", "pk": 25, "fields": {"name": "Can add course", "content_type": 9, "codename": "add_course"}}, {"model": "auth.permission", "pk": 26, "fields": {"name": "Can change course", "content_type": 9, "codename": "change_course"}}, {"model": "auth.permission", "pk": 27, "fields": {"name": "Can delete course", "content_type": 9, "codename": "delete_course"}}, {"model": "auth.permission", "pk": 28, "fields": {"name": "Can add assessment", "content_type": 10, "codename": "add_assessment"}}, {"model": "auth.permission", "pk": 29, "fields": {"name": "Can change assessment", "content_type": 10, "codename": "change_assessment"}}, {"model": "auth.permission", "pk": 30, "fields": {"name": "Can delete assessment", "content_type": 10, "codename": "delete_assessment"}}, {"model": "auth.permission", "pk": 31, "fields": {"name": "Can add %(class)s", "content_type": 11, "codename": "add_programmingquestion"}}, {"model": "auth.permission", "pk": 32, "fields": {"name": "Can change %(class)s", "content_type": 11, "codename": "change_programmingquestion"}}, {"model": "auth.permission", "pk": 33, "fields": {"name": "Can delete %(class)s", "content_type": 11, "codename": "delete_programmingquestion"}}, {"model": "auth.permission", "pk": 34, "fields": {"name": "Can add %(class)s", "content_type": 12, "codename": "add_blankquestion"}}, {"model": "auth.permission", "pk": 35, "fields": {"name": "Can change %(class)s", "content_type": 12, "codename": "change_blankquestion"}}, {"model": "auth.permission", "pk": 36, "fields": {"name": "Can delete %(class)s", "content_type": 12, "codename": "delete_blankquestion"}}, {"model": "auth.permission", "pk": 37, "fields": {"name": "Can add %(class)s", "content_type": 13, "codename": "add_mcq"}}, {"model": "auth.permission", "pk": 38, "fields": {"name": "Can change %(class)s", "content_type": 13, "codename": "change_mcq"}}, {"model": "auth.permission", "pk": 39, "fields": {"name": "Can delete %(class)s", "content_type": 13, "codename": "delete_mcq"}}, {"model": "auth.permission", "pk": 40, "fields": {"name": "Can add %(class)s", "content_type": 14, "codename": "add_checkoffquestion"}}, {"model": "auth.permission", "pk": 41, "fields": {"name": "Can change %(class)s", "content_type": 14, "codename": "change_checkoffquestion"}}, {"model": "auth.permission", "pk": 42, "fields": {"name": "Can delete %(class)s", "content_type": 14, "codename": "delete_checkoffquestion"}}, {"model": "auth.permission", "pk": 43, "fields": {"name": "Can add multiple_choice", "content_type": 15, "codename": "add_multiplechoice"}}, {"model": "auth.permission", "pk": 44, "fields": {"name": "Can change multiple_choice", "content_type": 15, "codename": "change_multiplechoice"}}, {"model": "auth.permission", "pk": 45, "fields": {"name": "Can delete multiple_choice", "content_type": 15, "codename": "delete_multiplechoice"}}, {"model": "auth.permission", "pk": 46, "fields": {"name": "Can add blank_question_part", "content_type": 16, "codename": "add_blankquestioncontent"}}, {"model": "auth.permission", "pk": 47, "fields": {"name": "Can change blank_question_part", "content_type": 16, "codename": "change_blankquestioncontent"}}, {"model": "auth.permission", "pk": 48, "fields": {"name": "Can delete blank_question_part", "content_type": 16, "codename": "delete_blankquestioncontent"}}, {"model": "auth.permission", "pk": 49, "fields": {"name": "Can add blank solution", "content_type": 17, "codename": "add_blanksolution"}}, {"model": "auth.permission", "pk": 50, "fields": {"name": "Can change blank solution", "content_type": 17, "codename": "change_blanksolution"}}, {"model": "auth.permission", "pk": 51, "fields": {"name": "Can delete blank solution", "content_type": 17, "codename": "delete_blanksolution"}}, {"model": "auth.permission", "pk": 52, "fields": {"name": "Can add test_case", "content_type": 18, "codename": "add_unittest"}}, {"model": "auth.permission", "pk": 53, "fields": {"name": "Can change test_case", "content_type": 18, "codename": "change_unittest"}}, {"model": "auth.permission", "pk": 54, "fields": {"name": "Can delete test_case", "content_type": 18, "codename": "delete_unittest"}}, {"model": "auth.permission", "pk": 55, "fields": {"name": "Can add performance_report", "content_type": 19, "codename": "add_performancereport"}}, {"model": "auth.permission", "pk": 56, "fields": {"name": "Can change performance_report", "content_type": 19, "codename": "change_performancereport"}}, {"model": "auth.permission", "pk": 57, "fields": {"name": "Can delete performance_report", "content_type": 19, "codename": "delete_performancereport"}}, {"model": "auth.permission", "pk": 58, "fields": {"name": "Can add peer_rank_report", "content_type": 20, "codename": "add_peerrankreport"}}, {"model": "auth.permission", "pk": 59, "fields": {"name": "Can change peer_rank_report", "content_type": 20, "codename": "change_peerrankreport"}}, {"model": "auth.permission", "pk": 60, "fields": {"name": "Can delete peer_rank_report", "content_type": 20, "codename": "delete_peerrankreport"}}, {"model": "auth.permission", "pk": 61, "fields": {"name": "Can add peer_rank", "content_type": 21, "codename": "add_peerrank"}}, {"model": "auth.permission", "pk": 62, "fields": {"name": "Can change peer_rank", "content_type": 21, "codename": "change_peerrank"}}, {"model": "auth.permission", "pk": 63, "fields": {"name": "Can delete peer_rank", "content_type": 21, "codename": "delete_peerrank"}}, {"model": "auth.permission", "pk": 76, "fields": {"name": "Can add unittest entry", "content_type": 26, "codename": "add_unittestentry"}}, {"model": "auth.permission", "pk": 77, "fields": {"name": "Can change unittest entry", "content_type": 26, "codename": "change_unittestentry"}}, {"model": "auth.permission", "pk": 78, "fields": {"name": "Can delete unittest entry", "content_type": 26, "codename": "delete_unittestentry"}}, {"model": "auth.permission", "pk": 79, "fields": {"name": "Can add code submission", "content_type": 27, "codename": "add_codesubmission"}}, {"model": "auth.permission", "pk": 80, "fields": {"name": "Can change code submission", "content_type": 27, "codename": "change_codesubmission"}}, {"model": "auth.permission", "pk": 81, "fields": {"name": "Can delete code submission", "content_type": 27, "codename": "delete_codesubmission"}}, {"model": "auth.permission", "pk": 82, "fields": {"name": "Can add blank submission", "content_type": 28, "codename": "add_blanksubmission"}}, {"model": "auth.permission", "pk": 83, "fields": {"name": "Can change blank submission", "content_type": 28, "codename": "change_blanksubmission"}}, {"model": "auth.permission", "pk": 84, "fields": {"name": "Can delete blank submission", "content_type": 28, "codename": "delete_blanksubmission"}}, {"model": "auth.permission", "pk": 85, "fields": {"name": "Can add mcq submission", "content_type": 29, "codename": "add_mcqsubmission"}}, {"model": "auth.permission", "pk": 86, "fields": {"name": "Can change mcq submission", "content_type": 29, "codename": "change_mcqsubmission"}}, {"model": "auth.permission", "pk": 87, "fields": {"name": "Can delete mcq submission", "content_type": 29, "codename": "delete_mcqsubmission"}}, {"model": "auth.permission", "pk": 88, "fields": {"name": "Can add checkoff submission", "content_type": 30, "codename": "add_checkoffsubmission"}}, {"model": "auth.permission", "pk": 89, "fields": {"name": "Can change checkoff submission", "content_type": 30, "codename": "change_checkoffsubmission"}}, {"model": "auth.permission", "pk": 90, "fields": {"name": "Can delete checkoff submission", "content_type": 30, "codename": "delete_checkoffsubmission"}}, {"model": "auth.permission", "pk": 91, "fields": {"name": "Can add programming question progress", "content_type": 31, "codename": "add_programmingquestionprogress"}}, {"model": "auth.permission", "pk": 92, "fields": {"name": "Can change programming question progress", "content_type": 31, "codename": "change_programmingquestionprogress"}}, {"model": "auth.permission", "pk": 93, "fields": {"name": "Can delete programming question progress", "content_type": 31, "codename": "delete_programmingquestionprogress"}}, {"model": "auth.permission", "pk": 94, "fields": {"name": "Can add blank question progress", "content_type": 32, "codename": "add_blankquestionprogress"}}, {"model": "auth.permission", "pk": 95, "fields": {"name": "Can change blank question progress", "content_type": 32, "codename": "change_blankquestionprogress"}}, {"model": "auth.permission", "pk": 96, "fields": {"name": "Can delete blank question progress", "content_type": 32, "codename": "delete_blankquestionprogress"}}, {"model": "auth.permission", "pk": 97, "fields": {"name": "Can add mcq progress", "content_type": 33, "codename": "add_mcqprogress"}}, {"model": "auth.permission", "pk": 98, "fields": {"name": "Can change mcq progress", "content_type": 33, "codename": "change_mcqprogress"}}, {"model": "auth.permission", "pk": 99, "fields": {"name": "Can delete mcq progress", "content_type": 33, "codename": "delete_mcqprogress"}}, {"model": "auth.permission", "pk": 100, "fields": {"name": "Can add week", "content_type": 34, "codename": "add_week"}}, {"model": "auth.permission", "pk": 101, "fields": {"name": "Can change week", "content_type": 34, "codename": "change_week"}}, {"model": "auth.permission", "pk": 102, "fields": {"name": "Can delete week", "content_type": 34, "codename": "delete_week"}}]